-- dbo.Cohort
INSERT INTO dbo.Cohort ([Id], [Name], [Rank]) VALUES ('591211ee-689f-46e9-917c-8f9a04eb7546', 'Jr Staff Member', 14);
INSERT INTO dbo.Cohort ([Id], [Name], [Rank]) VALUES ('732a1a53-a6dc-49be-a18c-a1671de58f6d', 'Staff member', 13);
INSERT INTO dbo.Cohort ([Id], [Name], [Rank]) VALUES ('66237380-cd06-4cae-848e-fc14638047b8', 'Sr Staff Member', 12);
INSERT INTO dbo.Cohort ([Id], [Name], [Rank]) VALUES ('acdb76f6-fefb-4c4e-b8af-5eb79f1cbf98', 'Consultant', 11);
INSERT INTO dbo.Cohort ([Id], [Name], [Rank]) VALUES ('0d8ac0ab-ca46-4f07-8baa-2c0e1798cdcc', 'Sr Consultant', 10);
INSERT INTO dbo.Cohort ([Id], [Name], [Rank]) VALUES ('9d3d1201-eca6-424e-942b-82e48d2476c0', 'Associate', 9);
INSERT INTO dbo.Cohort ([Id], [Name], [Rank]) VALUES ('9a4f5330-2668-492c-9109-8d752f6081b1', 'Sr Associate', 8);
INSERT INTO dbo.Cohort ([Id], [Name], [Rank]) VALUES ('f2a8dc4e-525b-4479-b83e-44a7139b4a58', 'Manager', 7);
INSERT INTO dbo.Cohort ([Id], [Name], [Rank]) VALUES ('4702fd60-3c68-4b73-998f-1b779449c89e', 'Sr Manager', 6);
INSERT INTO dbo.Cohort ([Id], [Name], [Rank]) VALUES ('966a4f33-c515-414d-b7dc-9606040697ca', 'Principal', 5);
INSERT INTO dbo.Cohort ([Id], [Name], [Rank]) VALUES ('32ff7205-fe59-4ce6-8eb7-017d7e84f7c0', 'Sr Principal', 4);
INSERT INTO dbo.Cohort ([Id], [Name], [Rank]) VALUES ('e575e2ba-2dde-45c5-b1bc-081a407ae49c', 'Vice President', 3);
INSERT INTO dbo.Cohort ([Id], [Name], [Rank]) VALUES ('bc4a9889-f73f-4554-957d-cede1e601a05', 'Sr Vice President', 2);
INSERT INTO dbo.Cohort ([Id], [Name], [Rank]) VALUES ('d47904dc-b77c-4143-9a0e-a006d8b881f5', 'CxO', 1);

UPDATE dbo.Cohort SET [NextCohortId] = '732a1a53-a6dc-49be-a18c-a1671de58f6d' WHERE [Id] LIKE '591211ee-689f-46e9-917c-8f9a04eb7546';
UPDATE dbo.Cohort SET [NextCohortId] = '66237380-cd06-4cae-848e-fc14638047b8' WHERE [Id] LIKE '732a1a53-a6dc-49be-a18c-a1671de58f6d';
UPDATE dbo.Cohort SET [NextCohortId] = 'acdb76f6-fefb-4c4e-b8af-5eb79f1cbf98' WHERE [Id] LIKE '66237380-cd06-4cae-848e-fc14638047b8';
UPDATE dbo.Cohort SET [NextCohortId] = '0d8ac0ab-ca46-4f07-8baa-2c0e1798cdcc' WHERE [Id] LIKE 'acdb76f6-fefb-4c4e-b8af-5eb79f1cbf98';
UPDATE dbo.Cohort SET [NextCohortId] = '9d3d1201-eca6-424e-942b-82e48d2476c0' WHERE [Id] LIKE '0d8ac0ab-ca46-4f07-8baa-2c0e1798cdcc';
UPDATE dbo.Cohort SET [NextCohortId] = '9a4f5330-2668-492c-9109-8d752f6081b1' WHERE [Id] LIKE '9d3d1201-eca6-424e-942b-82e48d2476c0';
UPDATE dbo.Cohort SET [NextCohortId] = 'f2a8dc4e-525b-4479-b83e-44a7139b4a58' WHERE [Id] LIKE '9a4f5330-2668-492c-9109-8d752f6081b1';
UPDATE dbo.Cohort SET [NextCohortId] = '4702fd60-3c68-4b73-998f-1b779449c89e' WHERE [Id] LIKE 'f2a8dc4e-525b-4479-b83e-44a7139b4a58';
UPDATE dbo.Cohort SET [NextCohortId] = '966a4f33-c515-414d-b7dc-9606040697ca' WHERE [Id] LIKE '4702fd60-3c68-4b73-998f-1b779449c89e';
UPDATE dbo.Cohort SET [NextCohortId] = '32ff7205-fe59-4ce6-8eb7-017d7e84f7c0' WHERE [Id] LIKE '966a4f33-c515-414d-b7dc-9606040697ca';
UPDATE dbo.Cohort SET [NextCohortId] = 'e575e2ba-2dde-45c5-b1bc-081a407ae49c' WHERE [Id] LIKE '32ff7205-fe59-4ce6-8eb7-017d7e84f7c0';
UPDATE dbo.Cohort SET [NextCohortId] = 'bc4a9889-f73f-4554-957d-cede1e601a05' WHERE [Id] LIKE 'e575e2ba-2dde-45c5-b1bc-081a407ae49c';
UPDATE dbo.Cohort SET [NextCohortId] = 'd47904dc-b77c-4143-9a0e-a006d8b881f5' WHERE [Id] LIKE 'bc4a9889-f73f-4554-957d-cede1e601a05';
UPDATE dbo.Cohort SET [NextCohortId] = 'd47904dc-b77c-4143-9a0e-a006d8b881f5' WHERE [Id] LIKE 'd47904dc-b77c-4143-9a0e-a006d8b881f5';

-- dbo.GF_Group
INSERT INTO dbo.GfGroup ([Id], [Name]) VALUES ('43d91b04-7e4c-4182-8a1d-47a0e459bf3e', 'Professional');
INSERT INTO dbo.GfGroup ([Id], [Name]) VALUES ('7044d7d6-1a08-4514-bbc5-d19124134786', 'Architect');
INSERT INTO dbo.GfGroup ([Id], [Name]) VALUES ('851ad7c2-7ec9-43fa-ba35-6bc9e34eafde', 'Leader');
INSERT INTO dbo.GfGroup ([Id], [Name]) VALUES ('f08ae6b6-7b75-4f27-af4b-9cf34345f427', 'Player/Coach');
INSERT INTO dbo.GfGroup ([Id], [Name]) VALUES ('bed896fd-4c23-48b6-8c70-ce49f92c0d75', 'Advisor');

-- dbo.Dimension
INSERT INTO dbo.Dimension ([Id], [Name], [GfGroupId]) VALUES ('032413d5-8939-440d-93d1-61bc4e49ef74', 'Communication', '43d91b04-7e4c-4182-8a1d-47a0e459bf3e');
INSERT INTO dbo.Dimension ([Id], [Name], [GfGroupId]) VALUES ('1ddf52e4-3a11-4dbd-9f1a-83370c4e28d7', 'Professionalism', '43d91b04-7e4c-4182-8a1d-47a0e459bf3e');
INSERT INTO dbo.Dimension ([Id], [Name], [GfGroupId]) VALUES ('da2e01e7-7cf2-45c0-b16b-a728c8a2c19d', 'Excellence ', '43d91b04-7e4c-4182-8a1d-47a0e459bf3e');
INSERT INTO dbo.Dimension ([Id], [Name], [GfGroupId]) VALUES ('bf99a92a-d62e-435e-bf97-5c5b34ebc14f', 'Problem Solving', '7044d7d6-1a08-4514-bbc5-d19124134786');
INSERT INTO dbo.Dimension ([Id], [Name], [GfGroupId]) VALUES ('81b86c93-85ab-4443-bf32-60103e120010', 'Frameworks & Models', '7044d7d6-1a08-4514-bbc5-d19124134786');
INSERT INTO dbo.Dimension ([Id], [Name], [GfGroupId]) VALUES ('36d3f7e5-efb1-4aa6-91f7-72846a561942', 'Thought Leadership', '7044d7d6-1a08-4514-bbc5-d19124134786');
INSERT INTO dbo.Dimension ([Id], [Name], [GfGroupId]) VALUES ('1dc0bb1e-ec77-4517-9ba6-9249b9b38812', 'Project Leadership', '851ad7c2-7ec9-43fa-ba35-6bc9e34eafde');
INSERT INTO dbo.Dimension ([Id], [Name], [GfGroupId]) VALUES ('59cfbaf1-72dc-409e-b7f8-055add9e051d', 'Servant Leadership', '851ad7c2-7ec9-43fa-ba35-6bc9e34eafde');
INSERT INTO dbo.Dimension ([Id], [Name], [GfGroupId]) VALUES ('ecd103f2-97b1-4df0-8984-c60ef44ca11a', 'Account Leadership', '851ad7c2-7ec9-43fa-ba35-6bc9e34eafde');
INSERT INTO dbo.Dimension ([Id], [Name], [GfGroupId]) VALUES ('2f61e824-0466-4625-a498-c2de8b725f3d', 'Profit', '851ad7c2-7ec9-43fa-ba35-6bc9e34eafde');
INSERT INTO dbo.Dimension ([Id], [Name], [GfGroupId]) VALUES ('e1753222-384d-43bd-be6c-b13710091e93', 'Allata Service', '851ad7c2-7ec9-43fa-ba35-6bc9e34eafde');
INSERT INTO dbo.Dimension ([Id], [Name], [GfGroupId]) VALUES ('e3c982a4-1e88-47cb-804b-20d652c45587', 'Developing Yourself', 'f08ae6b6-7b75-4f27-af4b-9cf34345f427');
INSERT INTO dbo.Dimension ([Id], [Name], [GfGroupId]) VALUES ('bcb82a59-816f-4c6c-940c-fecaad6092b6', 'Developing Others', 'f08ae6b6-7b75-4f27-af4b-9cf34345f427');
INSERT INTO dbo.Dimension ([Id], [Name], [GfGroupId]) VALUES ('3419f858-f7f4-443e-a3e3-41da131754ec', 'Mentoring', 'f08ae6b6-7b75-4f27-af4b-9cf34345f427');
INSERT INTO dbo.Dimension ([Id], [Name], [GfGroupId]) VALUES ('7ac1c9fc-ba38-4f4b-9188-253023207c2b', 'Connecting with People', 'bed896fd-4c23-48b6-8c70-ce49f92c0d75');
INSERT INTO dbo.Dimension ([Id], [Name], [GfGroupId]) VALUES ('970295d6-c7c5-4618-828a-a1fc07602f14', 'Advocating Services', 'bed896fd-4c23-48b6-8c70-ce49f92c0d75');
INSERT INTO dbo.Dimension ([Id], [Name], [GfGroupId]) VALUES ('70a8cdd4-ad2b-4c6e-b79b-aa1a196e30ab', 'Integrity', 'bed896fd-4c23-48b6-8c70-ce49f92c0d75');
INSERT INTO dbo.Dimension ([Id], [Name], [GfGroupId]) VALUES ('610d9148-74cd-4757-ae5b-cc5deab5ea1c', 'Partnership', 'bed896fd-4c23-48b6-8c70-ce49f92c0d75');
INSERT INTO dbo.Dimension ([Id], [Name], [GfGroupId]) VALUES ('c666f238-0163-40ab-a485-871624031767', 'Community Stewardship', 'bed896fd-4c23-48b6-8c70-ce49f92c0d75');

-- dbo.Facet
INSERT INTO dbo.Facet ([Id], [Name], [DimensionId]) VALUES ('d74908fd-3faa-4c26-af5d-88f68080c30e', 'Writing', '032413d5-8939-440d-93d1-61bc4e49ef74');
INSERT INTO dbo.Facet ([Id], [Name], [DimensionId]) VALUES ('bb774f06-bfc5-42d9-bb0f-224672ac6e9e', 'Speaking', '032413d5-8939-440d-93d1-61bc4e49ef74');
INSERT INTO dbo.Facet ([Id], [Name], [DimensionId]) VALUES ('921f2a9c-d09c-44b3-ac4b-472be4a30f24', 'Meetings', '032413d5-8939-440d-93d1-61bc4e49ef74');
INSERT INTO dbo.Facet ([Id], [Name], [DimensionId]) VALUES ('180d215b-d4aa-4529-a58d-e81d1db29a57', 'Listening', '032413d5-8939-440d-93d1-61bc4e49ef74');
INSERT INTO dbo.Facet ([Id], [Name], [DimensionId]) VALUES ('e108fa0f-6915-482b-9c29-8750ae798aec', 'Expression', '032413d5-8939-440d-93d1-61bc4e49ef74');
INSERT INTO dbo.Facet ([Id], [Name], [DimensionId]) VALUES ('cd20ff5a-eab3-41fd-8f57-cb05928be5be', 'Effective use of time', '1ddf52e4-3a11-4dbd-9f1a-83370c4e28d7');
INSERT INTO dbo.Facet ([Id], [Name], [DimensionId]) VALUES ('06a5f0c4-b57e-4d1d-890d-7519ab79c71e', 'Company Policies & Processes', '1ddf52e4-3a11-4dbd-9f1a-83370c4e28d7');
INSERT INTO dbo.Facet ([Id], [Name], [DimensionId]) VALUES ('367bc879-57d9-46ed-bd3d-54d69f0db4f8', 'Personal Habits', '1ddf52e4-3a11-4dbd-9f1a-83370c4e28d7');
INSERT INTO dbo.Facet ([Id], [Name], [DimensionId]) VALUES ('7a0639c9-93d0-4080-a321-1afc75a8e8cf', 'Professional Will', 'da2e01e7-7cf2-45c0-b16b-a728c8a2c19d');
INSERT INTO dbo.Facet ([Id], [Name], [DimensionId]) VALUES ('05b8076e-b978-487a-bb8c-1db48bf82cc9', 'Problem Diagnosis', 'bf99a92a-d62e-435e-bf97-5c5b34ebc14f');
INSERT INTO dbo.Facet ([Id], [Name], [DimensionId]) VALUES ('63015690-627c-4c0e-9d39-1c4d9808d1e4', 'Analytical Thinking', 'bf99a92a-d62e-435e-bf97-5c5b34ebc14f');
INSERT INTO dbo.Facet ([Id], [Name], [DimensionId]) VALUES ('98baac94-5022-40c4-a904-c383c6a6bb47', 'Solutions', 'bf99a92a-d62e-435e-bf97-5c5b34ebc14f');
INSERT INTO dbo.Facet ([Id], [Name], [DimensionId]) VALUES ('407b035b-dd2c-42f8-837e-84e3c9693b04', 'Using Frameworks', '81b86c93-85ab-4443-bf32-60103e120010');
INSERT INTO dbo.Facet ([Id], [Name], [DimensionId]) VALUES ('f4e27e93-503b-41ba-b4da-ce7f7e3c831f', 'Systems Thinking', '81b86c93-85ab-4443-bf32-60103e120010');
INSERT INTO dbo.Facet ([Id], [Name], [DimensionId]) VALUES ('3226b686-9aea-4178-955b-93340913a7cc', 'System Components', '81b86c93-85ab-4443-bf32-60103e120010');
INSERT INTO dbo.Facet ([Id], [Name], [DimensionId]) VALUES ('b1862194-43b4-499a-80ef-51a9a19f0ddf', 'Feedback Loops', '81b86c93-85ab-4443-bf32-60103e120010');
INSERT INTO dbo.Facet ([Id], [Name], [DimensionId]) VALUES ('02163b23-d8ea-4495-b014-efcebc31d6bf', 'Design Principles', '81b86c93-85ab-4443-bf32-60103e120010');
INSERT INTO dbo.Facet ([Id], [Name], [DimensionId]) VALUES ('eee4926a-29a2-4a04-8016-b4e725e83279', 'Insights', '36d3f7e5-efb1-4aa6-91f7-72846a561942');
INSERT INTO dbo.Facet ([Id], [Name], [DimensionId]) VALUES ('45d1010b-8f05-4bab-8362-2bf97341a031', 'Elegant Solutions', '36d3f7e5-efb1-4aa6-91f7-72846a561942');
INSERT INTO dbo.Facet ([Id], [Name], [DimensionId]) VALUES ('1388970f-bc09-4481-9edc-e856c6161528', 'Estimating', '1dc0bb1e-ec77-4517-9ba6-9249b9b38812');
INSERT INTO dbo.Facet ([Id], [Name], [DimensionId]) VALUES ('aef5d13b-b1ce-49db-8d65-d449b391ec3e', 'Methods', '1dc0bb1e-ec77-4517-9ba6-9249b9b38812');
INSERT INTO dbo.Facet ([Id], [Name], [DimensionId]) VALUES ('34344613-d2e2-4df2-93a9-95a758c86290', 'Context setting', '1dc0bb1e-ec77-4517-9ba6-9249b9b38812');
INSERT INTO dbo.Facet ([Id], [Name], [DimensionId]) VALUES ('978fa5da-f942-4725-b3d6-ce9d6ed4438d', 'Planning', '1dc0bb1e-ec77-4517-9ba6-9249b9b38812');
INSERT INTO dbo.Facet ([Id], [Name], [DimensionId]) VALUES ('44ea789e-b6f9-4c20-8123-f53ae9359df1', 'Managing Issues and Risks', '1dc0bb1e-ec77-4517-9ba6-9249b9b38812');
INSERT INTO dbo.Facet ([Id], [Name], [DimensionId]) VALUES ('6f4ba600-d797-4605-9567-15b2003844bf', 'Completion of Assignments', '1dc0bb1e-ec77-4517-9ba6-9249b9b38812');
INSERT INTO dbo.Facet ([Id], [Name], [DimensionId]) VALUES ('10ba55b8-e377-46be-b4e5-7dc8651299b1', 'Conserves Team Members Efforts', '1dc0bb1e-ec77-4517-9ba6-9249b9b38812');
INSERT INTO dbo.Facet ([Id], [Name], [DimensionId]) VALUES ('c45ac62f-8a4a-4720-a0fe-3f05dbd7d027', 'Golden Rule', '59cfbaf1-72dc-409e-b7f8-055add9e051d');
INSERT INTO dbo.Facet ([Id], [Name], [DimensionId]) VALUES ('f0b49031-9155-4181-9cf9-6f5cf2e8a10f', 'Courageous Followership', '59cfbaf1-72dc-409e-b7f8-055add9e051d');
INSERT INTO dbo.Facet ([Id], [Name], [DimensionId]) VALUES ('d373bc31-8622-42d2-8a8b-ad83d8ad0e3b', 'Others First', '59cfbaf1-72dc-409e-b7f8-055add9e051d');
INSERT INTO dbo.Facet ([Id], [Name], [DimensionId]) VALUES ('0eac4e09-a273-48d0-9903-935f9997d31f', 'Planning Accounts', 'ecd103f2-97b1-4df0-8984-c60ef44ca11a');
INSERT INTO dbo.Facet ([Id], [Name], [DimensionId]) VALUES ('e53aa623-5da4-4149-992d-39647c9ea729', 'Developing Accounts', 'ecd103f2-97b1-4df0-8984-c60ef44ca11a');
INSERT INTO dbo.Facet ([Id], [Name], [DimensionId]) VALUES ('eb4e68c9-3575-4964-bc31-79b76df858ba', 'Profitability', '2f61e824-0466-4625-a498-c2de8b725f3d');
INSERT INTO dbo.Facet ([Id], [Name], [DimensionId]) VALUES ('c2c1391a-bb07-4d50-89ca-01dc48108e5e', 'Internal Activities', 'e1753222-384d-43bd-be6c-b13710091e93');
INSERT INTO dbo.Facet ([Id], [Name], [DimensionId]) VALUES ('d36265ac-28bc-4313-bb0b-247d250127a5', 'Lifetime Learning', 'e3c982a4-1e88-47cb-804b-20d652c45587');
INSERT INTO dbo.Facet ([Id], [Name], [DimensionId]) VALUES ('f75dbea4-8650-493f-9296-515f1ba1df3a', 'Self Awareness', 'e3c982a4-1e88-47cb-804b-20d652c45587');
INSERT INTO dbo.Facet ([Id], [Name], [DimensionId]) VALUES ('6bd71afb-a950-478a-b1ec-2a5b9040be82', 'Continuous Feedback', 'e3c982a4-1e88-47cb-804b-20d652c45587');
INSERT INTO dbo.Facet ([Id], [Name], [DimensionId]) VALUES ('37c31a1f-ec67-4e33-8aef-e83c37c3c498', 'Developing Team Members (OJT)', 'bcb82a59-816f-4c6c-940c-fecaad6092b6');
INSERT INTO dbo.Facet ([Id], [Name], [DimensionId]) VALUES ('49665fd1-e206-4acf-b332-f42ccba75699', 'Teaching', 'bcb82a59-816f-4c6c-940c-fecaad6092b6');
INSERT INTO dbo.Facet ([Id], [Name], [DimensionId]) VALUES ('c1118e49-5f85-4c50-9f03-793c83e315d9', 'Strengths & Needs', '3419f858-f7f4-443e-a3e3-41da131754ec');
INSERT INTO dbo.Facet ([Id], [Name], [DimensionId]) VALUES ('34ce477b-df16-419c-9cb5-c6bbe68a1826', 'Feedback  ', '3419f858-f7f4-443e-a3e3-41da131754ec');
INSERT INTO dbo.Facet ([Id], [Name], [DimensionId]) VALUES ('dacb1bbe-eb30-4bb6-aa21-b1e3ceed939b', 'Business Networking', '7ac1c9fc-ba38-4f4b-9188-253023207c2b');
INSERT INTO dbo.Facet ([Id], [Name], [DimensionId]) VALUES ('e5c560d1-b581-425d-9036-0b3dea98f712', 'One-to-Many (External)', '7ac1c9fc-ba38-4f4b-9188-253023207c2b');
INSERT INTO dbo.Facet ([Id], [Name], [DimensionId]) VALUES ('718d4c37-b149-41d4-9a7b-ac974b7f3ae4', 'One-to-Many (Internal)', '7ac1c9fc-ba38-4f4b-9188-253023207c2b');
INSERT INTO dbo.Facet ([Id], [Name], [DimensionId]) VALUES ('fbccf2e1-049d-4f45-bc8c-6e5b2189a885', 'Sales Process', '970295d6-c7c5-4618-828a-a1fc07602f14');
INSERT INTO dbo.Facet ([Id], [Name], [DimensionId]) VALUES ('8a200636-c86d-4d0f-8daa-e09b818b63ee', 'Allata Value Proposition', '970295d6-c7c5-4618-828a-a1fc07602f14');
INSERT INTO dbo.Facet ([Id], [Name], [DimensionId]) VALUES ('3364769a-5071-4e6c-9cdf-e204651fb033', 'Business Integrity', '70a8cdd4-ad2b-4c6e-b79b-aa1a196e30ab');
INSERT INTO dbo.Facet ([Id], [Name], [DimensionId]) VALUES ('bec5c704-e447-41b7-a2e1-0c5a32ea3fe1', 'Ethics', '70a8cdd4-ad2b-4c6e-b79b-aa1a196e30ab');
INSERT INTO dbo.Facet ([Id], [Name], [DimensionId]) VALUES ('c6ac3b21-7bc4-43a1-9dd9-12c7654a39d6', 'Internal', '610d9148-74cd-4757-ae5b-cc5deab5ea1c');
INSERT INTO dbo.Facet ([Id], [Name], [DimensionId]) VALUES ('51c8dfe4-55c8-480b-8635-4709e17b28a6', 'External', '610d9148-74cd-4757-ae5b-cc5deab5ea1c');
INSERT INTO dbo.Facet ([Id], [Name], [DimensionId]) VALUES ('adbd1ad7-f5ca-413f-b3eb-7709806fae44', 'Not for Profit Participation & Leadership', 'c666f238-0163-40ab-a485-871624031767');
INSERT INTO dbo.Facet ([Id], [Name], [DimensionId]) VALUES ('1e90b512-5f41-4058-992b-62f8f34146a6', 'Individual Community Service', 'c666f238-0163-40ab-a485-871624031767');


-- dbo.Expectation
INSERT INTO dbo.Expectation ([Id], [Description]) VALUES ('000a2456-c51b-4939-a394-d3bde43945ca', 'Leverages appropriate internal projects when opportunities are not sufficent within a team members assignments.');
INSERT INTO dbo.Expectation ([Id], [Description]) VALUES ('00515e8b-1a7f-4e87-b3ed-37b348e041dc', 'Mentors others in professional personal habits');
INSERT INTO dbo.Expectation ([Id], [Description]) VALUES ('00991180-b220-4ce4-b45c-a6bfc514288a', 'Assists in developing findings to help team identify conclusions');
INSERT INTO dbo.Expectation ([Id], [Description]) VALUES ('00ffde5c-63c8-406d-9a02-184ab96a906f', 'Role model for others to understand, respect, help and communicate honestly with all stakeholders');
INSERT INTO dbo.Expectation ([Id], [Description]) VALUES ('02db955b-d917-4e88-807e-bcc08b10ff3b', 'Blank');
INSERT INTO dbo.Expectation ([Id], [Description]) VALUES ('036f5b87-900f-49ff-b6cc-1a3b82014511', 'Coaches others on professional, clear, and concise style');
INSERT INTO dbo.Expectation ([Id], [Description]) VALUES ('03729733-601f-4f94-bfb2-6c60db37438b', 'Role model for professional supervisor and client management styles');
INSERT INTO dbo.Expectation ([Id], [Description]) VALUES ('04e448e5-463d-4ca8-a661-ae70c8dead06', 'Accountable for community service participation in your office or team');
INSERT INTO dbo.Expectation ([Id], [Description]) VALUES ('080efc0e-d523-40c7-aa64-a91d5c0c5473', 'Explains what we do for clients in one to two sentences');
INSERT INTO dbo.Expectation ([Id], [Description]) VALUES ('084ad12e-4365-4dec-b300-83b1a4c53b0b', 'Willingly learns the essentials of competencies relevant to your assigned tasks');
INSERT INTO dbo.Expectation ([Id], [Description]) VALUES ('08569f47-795d-4a38-a906-1eff43c376f0', 'Designs a potential solution that addresses your task assignment');
INSERT INTO dbo.Expectation ([Id], [Description]) VALUES ('0aca18b8-8b11-404e-ad4e-458e74b70c5e', 'Blank');
INSERT INTO dbo.Expectation ([Id], [Description]) VALUES ('0b478ba2-f308-4463-8c5b-a07bbdac2e1a', 'Designs program management strategies which embed indicator monitoring and scenario adjustments throughout program management activities');
INSERT INTO dbo.Expectation ([Id], [Description]) VALUES ('0b64dfa7-8c5b-45dc-a16a-6eb48181de22', 'Reads all proposals, statesments of work, letters of engagement and master services agreements related to project work');
INSERT INTO dbo.Expectation ([Id], [Description]) VALUES ('0bbe5fac-b113-4cd0-8713-a31cf7c5b4ff', 'Generates business unit-level hypotheses and validates them by directing all research and interviewing efforts');
INSERT INTO dbo.Expectation ([Id], [Description]) VALUES ('0cce2633-ccc8-4e47-9238-e90c4770b35c', 'Complies with company policies and systems; such as time/expense, security, controls, training and other administrative tasks ');
INSERT INTO dbo.Expectation ([Id], [Description]) VALUES ('0d5c282d-950f-4e2e-a403-5c85f75fde02', 'Demonstrates engagement and empathy during all conversations');
INSERT INTO dbo.Expectation ([Id], [Description]) VALUES ('0da02200-aee9-4d7e-a245-7b42bc7ef90e', 'Attentive during all conversations');
INSERT INTO dbo.Expectation ([Id], [Description]) VALUES ('0fe606e4-4a5c-4eef-b1bd-83cc59798edb', 'Estimates time to complete team level assignments');
INSERT INTO dbo.Expectation ([Id], [Description]) VALUES ('10409333-10a1-4c45-9eff-8918f130dfae', 'Adapts supervisor and client management styles for situation and manages difficult situations independently and professionally');
INSERT INTO dbo.Expectation ([Id], [Description]) VALUES ('1082fca6-a8dc-451f-b55a-3a52dafa8c98', 'Blank');
INSERT INTO dbo.Expectation ([Id], [Description]) VALUES ('1335f16e-dc00-4ac4-9dac-f7a81ac87991', 'Explains how to manipulate components in detail to create a working technical and/or functional models across your project');
INSERT INTO dbo.Expectation ([Id], [Description]) VALUES ('14b406b0-a74a-408a-a01f-b423e7e30c7f', 'Develops an insight into a form that can be shared internally and published externally, once a quarter');
INSERT INTO dbo.Expectation ([Id], [Description]) VALUES ('151e6008-7d87-4846-9da6-9de1212b1796', 'Demonstrates that the needs of the many outweigh the needs of the one; provides constructive feedback and recommendations for improvement to their MT and peers');
INSERT INTO dbo.Expectation ([Id], [Description]) VALUES ('174ba5cf-98da-4954-b1f0-59c1f18c6cdb', 'Provides career guidance to teammates and is regarded as a good coach');
INSERT INTO dbo.Expectation ([Id], [Description]) VALUES ('17719429-a978-4343-b114-20e175076889', 'Develops an insight into a form that can be shared internally and published externally, twice a year');
INSERT INTO dbo.Expectation ([Id], [Description]) VALUES ('186ab6d4-620a-4019-9dd7-300ada4d70b4', 'Aware of the business overall complexity and completes steps required to address it');
INSERT INTO dbo.Expectation ([Id], [Description]) VALUES ('18aecc5b-fedb-4f08-8887-33d9c0cc0f2a', 'Identifies known/unmet, complex problems from a business perspective and creatively formulates elegant solution options');
INSERT INTO dbo.Expectation ([Id], [Description]) VALUES ('1993c768-ae70-408b-b27f-56a660c27889', 'Mentors on time management in the context of the project');
INSERT INTO dbo.Expectation ([Id], [Description]) VALUES ('1b9c5885-9ada-4268-87a7-00a4f6bfdbf1', 'Designs a workable solution that leverages firms capabilities to meet a business need ');
INSERT INTO dbo.Expectation ([Id], [Description]) VALUES ('1bcf2cec-4c1f-4ad7-aa3e-90d67a19f858', 'Answers questions clearly and accurately during formal discussions');
INSERT INTO dbo.Expectation ([Id], [Description]) VALUES ('1c4cf62f-5841-48cf-a9be-f6f3d48c3ffb', 'Pursue learning opportunities in a business or technology area you are passionate about');
INSERT INTO dbo.Expectation ([Id], [Description]) VALUES ('1daf1b56-999f-4a25-bd07-5f5ee9fcf8cf', 'Demonstrates unwavering professional will to accomplish team objectives');
INSERT INTO dbo.Expectation ([Id], [Description]) VALUES ('1de50db1-ed02-4e0c-a36c-3feb0e0c2b84', 'Identifies the most appropriate venue and approach to communicate relevant ideas');
INSERT INTO dbo.Expectation ([Id], [Description]) VALUES ('1df82125-32ec-4e82-97fe-85a462beed1e', 'Provides timely, thoughtful, constructive feedback on team members as part of the review process');
INSERT INTO dbo.Expectation ([Id], [Description]) VALUES ('210d5098-16fb-443f-bbdc-2b321a1ba2ef', 'Independently solves simple problems');
INSERT INTO dbo.Expectation ([Id], [Description]) VALUES ('2168557e-e6b8-4969-a4fa-c191b17c0e0c', 'Understands the amount of work required and criticality of issues and allocates resources in such a way that all work is completed successfully without extraneous effort and hours expended at the firm');
INSERT INTO dbo.Expectation ([Id], [Description]) VALUES ('226b3ff7-e373-4a81-9e45-2bf1cbc8ecb0', 'Demonstrates making a positive difference in the world so that others are able to recognize it');
INSERT INTO dbo.Expectation ([Id], [Description]) VALUES ('226e238f-e9b3-4dd7-a26f-a957dd27de8d', 'Masters coaching based on development needs and strengths for career progression of local and non-local market Allatians and mentees; regarded as an effective coach and mentor within multiple markets');
INSERT INTO dbo.Expectation ([Id], [Description]) VALUES ('233278f1-0bee-45c4-9fe5-a14d24bd9734', 'Understands the need for profitability to sustain our firm');
INSERT INTO dbo.Expectation ([Id], [Description]) VALUES ('23e47bd0-ed55-42ef-b5b6-064c84a53c4f', 'Demonstrates that the needs of the many outweigh the needs of the one; people follow you because they want to not because they feel they "have to"');
INSERT INTO dbo.Expectation ([Id], [Description]) VALUES ('23f09f42-a455-41ae-aad7-cc6cddc3f084', 'Takes time away from individual responsibilities to help Allata or client team members');
INSERT INTO dbo.Expectation ([Id], [Description]) VALUES ('24f5a72b-3c88-45d8-b28e-d6d462916d44', 'Masters coaching based on development needs and strengths for career progression of team membes and mentees; regarded as an effective coach and mentor within a local market');
INSERT INTO dbo.Expectation ([Id], [Description]) VALUES ('2508b2e3-f9df-486f-9bc6-3057aaca5c04', 'Intentionally designs opportunities for continuous feedback from others');
INSERT INTO dbo.Expectation ([Id], [Description]) VALUES ('25a4af53-d0e3-4793-8fcb-f5fdb260f938', 'Models all potential (knowna and unknown) account(s)/organization(s) issues and risks, develops appropriate contingency plans for each and appropriately considers and communicates the impact to Allata ');
INSERT INTO dbo.Expectation ([Id], [Description]) VALUES ('25d5a29f-886b-4945-bc59-f9570899ea2f', 'Accountable for your teams ethical conduct');
INSERT INTO dbo.Expectation ([Id], [Description]) VALUES ('268d9c4c-9c8c-417e-855d-5b756a06d355', 'Focuses on developing employees, making Managers into Principals, rather than individual benefit, always considering others and acknowledging mistakes immediately');
INSERT INTO dbo.Expectation ([Id], [Description]) VALUES ('283d5f45-20ef-4a5a-aaac-0346204c220f', 'Blank');
INSERT INTO dbo.Expectation ([Id], [Description]) VALUES ('29be6ed5-332b-4094-9b58-0f22f31b1328', 'Participates appropriately with the guidance of the supervisor');
INSERT INTO dbo.Expectation ([Id], [Description]) VALUES ('29dd193e-c010-4495-97e7-7d5aeceb8cf0', 'Proficiently develops accounts within their market');
INSERT INTO dbo.Expectation ([Id], [Description]) VALUES ('2b9184d7-d406-43cb-9982-2ab9ca375369', 'Demonstrates self-respect through confidence and treats colleagues with patience, encouragement, fairness and respect');
INSERT INTO dbo.Expectation ([Id], [Description]) VALUES ('2d0ffabc-865e-48c5-96da-6aecf15f4fc8', 'Sought after by junior Allatians as an effective mentor');
INSERT INTO dbo.Expectation ([Id], [Description]) VALUES ('2e652962-2a18-4cf2-a5e7-d6029bdb79c8', 'Role model for a business decision maker with integrity and promotes a culture of integrity within a heightened awareness that others are observing every action');
INSERT INTO dbo.Expectation ([Id], [Description]) VALUES ('2f693a8f-8d14-4716-b5df-ceef00ef79ae', 'Blank');
INSERT INTO dbo.Expectation ([Id], [Description]) VALUES ('2f6b6905-424c-4ad2-a911-1bbd152ea5c2', 'Understands how known sub-systems work together in the context of your assigned tasks');
INSERT INTO dbo.Expectation ([Id], [Description]) VALUES ('31161a13-6e8e-431d-a84e-0f6b2923d6f8', 'Role model in professional personal habits');
INSERT INTO dbo.Expectation ([Id], [Description]) VALUES ('315a3781-6556-4cb3-9757-291fea0c84da', 'Masters coaching based on development needs and strengths for career progression of local market Allatians and mentees; regarded as an effective coach and mentor within a local market');
INSERT INTO dbo.Expectation ([Id], [Description]) VALUES ('3228bb86-d7a9-40ca-a593-86ddf4495032', 'Prioritizes appropriately across MT and client activities');
INSERT INTO dbo.Expectation ([Id], [Description]) VALUES ('32531844-49bb-432d-a16c-0b3d19d56f60', 'Coaches others in developing and communicating context throughout the organizational with stakeholders');
INSERT INTO dbo.Expectation ([Id], [Description]) VALUES ('342196dc-9e26-4ca6-8544-ec88c524c48b', 'Creates development opportunities on the project or structures the project so team members have time to take advantage of development opportunities outside of the project.');
INSERT INTO dbo.Expectation ([Id], [Description]) VALUES ('34336e13-b97b-4a1a-8a6c-b6c0477e9fc8', 'Models all potential (known and unknown) program issues and risks as well as develop appropriate contingency plans for each');
INSERT INTO dbo.Expectation ([Id], [Description]) VALUES ('348ff58b-6daa-4661-aefb-4e2994c9124c', 'Provides clear, transparent and valid estimates for business programs (series of projects) considering multiple scenarios');
INSERT INTO dbo.Expectation ([Id], [Description]) VALUES ('353ef715-fe4b-447c-93ad-93d34f578d02', 'Accountable for company participation and management of Allata Foundation');
INSERT INTO dbo.Expectation ([Id], [Description]) VALUES ('35551e74-f230-4ac5-b736-4c3e0aeb383b', 'Identifies and understands all aspects of our proposal and statement of work styles and project implications from agreements');
INSERT INTO dbo.Expectation ([Id], [Description]) VALUES ('35ad5800-5191-4eea-8313-34accabce412', 'Storyboards portions of documents in professional, clear, and concise  style');
INSERT INTO dbo.Expectation ([Id], [Description]) VALUES ('375a0e0a-7971-40d8-99e2-e50dd4d88e5b', 'Mentors others on professional, clear, and concise style');
INSERT INTO dbo.Expectation ([Id], [Description]) VALUES ('378071ee-3c03-4424-9a0e-6d384c74a111', 'Understands organizational structure at current clients');
INSERT INTO dbo.Expectation ([Id], [Description]) VALUES ('37a9f7e5-44e1-4c0a-b3ca-d9a92676ed99', 'Manages known project issues and risks identification and resolution process');
INSERT INTO dbo.Expectation ([Id], [Description]) VALUES ('37f08ed7-f1b2-414d-bd04-fbbb5576522b', 'Blank');
INSERT INTO dbo.Expectation ([Id], [Description]) VALUES ('386ab75d-4af3-4afe-afd1-e910ed612af9', 'Creatively formulates solution options for complicated project level problems');
INSERT INTO dbo.Expectation ([Id], [Description]) VALUES ('39753c5e-4171-453d-8001-5b6f047a7ff1', 'Effectively articulates the personal value you offer');
INSERT INTO dbo.Expectation ([Id], [Description]) VALUES ('3abd2f2e-cbaa-4d15-83e9-3f7b262a2a9b', 'Role model for a senior executive with integrity and promotes a culture of integrity within a heightened awareness that others are observing every action');
INSERT INTO dbo.Expectation ([Id], [Description]) VALUES ('3df8f438-3852-46a2-880d-1f38c7bf2f4d', 'Participates actively in a local technical, functional or industry affinity group (includes building relationships with like-minded individuals that could join our firm)');
INSERT INTO dbo.Expectation ([Id], [Description]) VALUES ('3f303043-78b4-403a-bdfa-67782b4cda58', 'Understands the amount of work required and criticality of issues and allocates resources in such a way that all work is completed successfully without extraneous effort and hours expended within an account');
INSERT INTO dbo.Expectation ([Id], [Description]) VALUES ('3f4c8429-9688-4239-940d-e23136866226', 'Identifies individuals development needs and strengths for career progression of team members and mentees; regarded as a good coach');
INSERT INTO dbo.Expectation ([Id], [Description]) VALUES ('3fa20990-3b31-45af-b4a4-5b5bef0c44df', 'Sets aside personal needs and desires to provide project team with best experience possible');
INSERT INTO dbo.Expectation ([Id], [Description]) VALUES ('3fd529e0-1d75-4062-bffb-e898b7f83424', 'Develops and maintains an executive level relationship of mutual respect while continuing to develop other current and past client relationships');
INSERT INTO dbo.Expectation ([Id], [Description]) VALUES ('40917bf4-38cb-426a-a700-305eecc3038b', 'Identifies known interdependencies and risks across multiple dimensions when recommending incremental improvements');
INSERT INTO dbo.Expectation ([Id], [Description]) VALUES ('40d957e9-7fee-4c98-a531-52fd4acba94e', 'Coaches employees to respect themselves and each other');
INSERT INTO dbo.Expectation ([Id], [Description]) VALUES ('410fcbdd-a474-428b-b81b-f51c9e8c03f0', 'Raises any known project issues and risks, along with potential solutions, immediately through appropriate channels');
INSERT INTO dbo.Expectation ([Id], [Description]) VALUES ('415c0cae-2f46-4785-9bdd-b60c4f8e632e', 'Professional in all personal habits');
INSERT INTO dbo.Expectation ([Id], [Description]) VALUES ('41847da9-d2d9-4fa8-a9b1-9c900c1c76c8', 'Masters conceptual design across multiple technical, functional or project management dimensions');
INSERT INTO dbo.Expectation ([Id], [Description]) VALUES ('41857bd1-7f14-4c34-82f7-c7639eaeff60', 'Mentors others on modeling all potential (knowna and unknown) account(s)/organization(s) issues and risks, developing appropriate contingency plans for each and appropriately considering and communicating the impact to Allata ');
INSERT INTO dbo.Expectation ([Id], [Description]) VALUES ('418b6b5c-aa8f-40c5-a7fc-8b8bd02b4299', 'Participates actively on a regular monthly basis in a NFP organization and maintains trusted relationships within same organization');
INSERT INTO dbo.Expectation ([Id], [Description]) VALUES ('4319afff-56e9-4b5e-863f-90993b0b2da3', 'Understands the need for profitability to sustain our firm and supports the local markets strategic plan');
INSERT INTO dbo.Expectation ([Id], [Description]) VALUES ('4505175b-4a4b-4de8-bb6c-5489329c2a7d', 'Participates appropriately and contributes relevant information with the guidance of their supervisor');
INSERT INTO dbo.Expectation ([Id], [Description]) VALUES ('450906e4-0741-4896-8cd9-adc4c2e7351e', 'Effectively communicates complex problems and solutions and why you matter to prospects');
INSERT INTO dbo.Expectation ([Id], [Description]) VALUES ('45ab5116-2eaf-4f9a-9d20-dad7ae24a49e', 'Accurately estimates time to complete individual assignments');
INSERT INTO dbo.Expectation ([Id], [Description]) VALUES ('45b55a4c-3fb5-4d71-9fbf-1828ee723665', 'Develops and maintains junior level trusted relationships with multiple current and past clients');
INSERT INTO dbo.Expectation ([Id], [Description]) VALUES ('46d18a30-b61f-4b2c-ae53-ac4e02e7211b', 'Explains the benefits of one of our service offerings');
INSERT INTO dbo.Expectation ([Id], [Description]) VALUES ('470535fc-879e-4583-ba5d-dad3ec998a35', 'Summarizes findings to help team identify overall conclusions');
INSERT INTO dbo.Expectation ([Id], [Description]) VALUES ('4739cf4f-c119-43b3-8e26-fbf9e34ca4e1', 'Looks for opportunities to improve by regularly reflecting on feedback from self and others');
INSERT INTO dbo.Expectation ([Id], [Description]) VALUES ('49ed8f00-0d4b-4510-99aa-d5c49db07c7b', 'Participates actively building relevant trusted relationships with peers within an account, with past accounts and in the market place (includes building trusted relationships with like-minded individuals that could join our firm)');
INSERT INTO dbo.Expectation ([Id], [Description]) VALUES ('49eeb2f2-a2b0-43a7-9283-52ca46177022', 'Acts with high ethical standards and raises any ethical dilemmas to appropriate leaders');
INSERT INTO dbo.Expectation ([Id], [Description]) VALUES ('4a3d6da2-480d-4ece-9bd3-44a70ef40897', 'Adds new / refactors existing frameworks and teaches them firm wide');
INSERT INTO dbo.Expectation ([Id], [Description]) VALUES ('4ad98cc9-35da-4b37-8b52-aabfb567b414', 'Explains how to discover and break down systems into components to understand how they work together across your project');
INSERT INTO dbo.Expectation ([Id], [Description]) VALUES ('4b728bab-db58-4af2-b84b-751c2e298b17', 'Blank');
INSERT INTO dbo.Expectation ([Id], [Description]) VALUES ('4c190990-3f1f-45f9-a974-3cca16a37663', 'Effectively uses available research tools to independently diagnose simple problems');
INSERT INTO dbo.Expectation ([Id], [Description]) VALUES ('4c3f00ab-9dd7-4f07-bd91-7537e9d8c372', 'Generates project-level hypotheses and validates them by directing all research and interviewing efforts');
INSERT INTO dbo.Expectation ([Id], [Description]) VALUES ('4c8c9ad5-5733-47bb-8629-111b7b0557c7', 'Coaches employees and client to respect themselves and each other');
INSERT INTO dbo.Expectation ([Id], [Description]) VALUES ('4dcaacd7-1758-46ca-afce-87279b527411', 'Mentors others in the advancing trusted relationships broadly in the local market place');
INSERT INTO dbo.Expectation ([Id], [Description]) VALUES ('4e4cf70e-eab1-4308-adb5-338e2587f997', 'Matches names and faces of everyone in market, meet fellow out-of-market Allatians and stay connected');
INSERT INTO dbo.Expectation ([Id], [Description]) VALUES ('503f9247-1289-448a-af71-f685f476be0d', 'Role model for professional, clear, and concise style');
INSERT INTO dbo.Expectation ([Id], [Description]) VALUES ('50cb7df5-b39a-4628-af21-dbbb5fee03cf', 'Is considered to offer effective advice');
INSERT INTO dbo.Expectation ([Id], [Description]) VALUES ('510c6ef5-1fb1-4438-8fb4-8df47af87694', 'Connects, and stay connected, with clients');
INSERT INTO dbo.Expectation ([Id], [Description]) VALUES ('51bbe5c7-996b-4357-a193-ff54bbfebfcb', 'Role model for professional supervisor and client management styles');
INSERT INTO dbo.Expectation ([Id], [Description]) VALUES ('52544fd7-6341-480f-92dd-1f9125ddaa90', 'Takes a leadersihp role in executing the sales process and understands all client and/or partner agreements affecting their teams work');
INSERT INTO dbo.Expectation ([Id], [Description]) VALUES ('53187813-cceb-4183-8ded-42fbdecb6b16', 'Leads the account planning process for an existing client');
INSERT INTO dbo.Expectation ([Id], [Description]) VALUES ('553a0257-af71-4463-b376-25f2298673c8', 'Prioritizes team members schedules and minimizes team distractions');
INSERT INTO dbo.Expectation ([Id], [Description]) VALUES ('5643092c-8fc4-47d2-9eea-dc00c02825ed', 'Understands when difficult situations need the involvement of others; continues to act professionally');
INSERT INTO dbo.Expectation ([Id], [Description]) VALUES ('56597d65-89de-4449-9b18-1e20b816ace9', 'Supports and contributes to a market and the target leverage model through effectively managing a clients profitability');
INSERT INTO dbo.Expectation ([Id], [Description]) VALUES ('56be46f5-66e5-4e51-b2f7-014ec42c85cc', 'Understands the freedom and power of genuine humility');
INSERT INTO dbo.Expectation ([Id], [Description]) VALUES ('5762696c-e76c-48e9-a986-b765b0ddab4d', 'Demonstrates unwavering professional will to accomplish market objectives');
INSERT INTO dbo.Expectation ([Id], [Description]) VALUES ('58417981-dbc2-45a9-9107-a0598f3babb2', 'Blank');
INSERT INTO dbo.Expectation ([Id], [Description]) VALUES ('5873d98c-44cd-42f4-86ff-01929c4866de', 'Develops or teaches formal training classes or sessions and leads informal classes or session');
INSERT INTO dbo.Expectation ([Id], [Description]) VALUES ('5886e939-bb49-46c0-b091-8ab535f08d39', 'Coaches others on time management across MT and client activities');
INSERT INTO dbo.Expectation ([Id], [Description]) VALUES ('58a7d4e3-0fe4-48d1-bc26-7a54813fcec7', 'Mentors others on the management of profitability of a portion of our business that supports the target leverage model; supporting and contributing to the companys strategic plan');
INSERT INTO dbo.Expectation ([Id], [Description]) VALUES ('58e8bc8e-ff27-420b-a014-0314c65c913d', 'Understands the business overall complexity and completes steps required to address it');
INSERT INTO dbo.Expectation ([Id], [Description]) VALUES ('594e589c-c80c-48fa-881d-e6dbd6c9a48e', 'Matches names and faces of every MT member in region / nationally, meet fellow out-of-market MT and stay connected and begin developing trusted relationships with each MT member in your Local market');
INSERT INTO dbo.Expectation ([Id], [Description]) VALUES ('5a062192-074f-4b38-ab2e-5a115b78ec4b', 'Goes above and beyond so that your team gets the right things done with minimum oversight from your supervisor');
INSERT INTO dbo.Expectation ([Id], [Description]) VALUES ('5a214585-253b-4ffb-8042-d2ba2c99ee50', 'Effectively communicates the context driving the need for organizational change with their stakeholders');
INSERT INTO dbo.Expectation ([Id], [Description]) VALUES ('5b232f49-70a7-44fe-bc9d-7f1f1b5a40eb', 'Effectively uses available research tools to investigate a problem');
INSERT INTO dbo.Expectation ([Id], [Description]) VALUES ('5b3b0492-0d5f-4cf5-8026-f983380fa0dd', 'Identifies design principles within assigned task');
INSERT INTO dbo.Expectation ([Id], [Description]) VALUES ('5e5372c6-992f-4821-87c2-c7784501aef7', 'Raises any known assignment issues and risks immediately through appropriate channels');
INSERT INTO dbo.Expectation ([Id], [Description]) VALUES ('5f057570-7931-4f15-b53b-3e75ac4766fd', 'Coaches accepted industry methods and approach for an entire project and understands all disciplines used within the project; understands multiple methods and approaches for multiple disciplines');
INSERT INTO dbo.Expectation ([Id], [Description]) VALUES ('6040b143-ecee-4575-bc0c-0f52bca17bd1', 'Helps team members understand context of their assignments ');
INSERT INTO dbo.Expectation ([Id], [Description]) VALUES ('6142cd0f-4f18-4232-abbb-3c6033b1e161', 'Develops or teaches formal training classes or sessions');
INSERT INTO dbo.Expectation ([Id], [Description]) VALUES ('6159cb0b-da0a-4e92-a155-a17955759f99', 'Meets fellow Allatians in local market and stays connected');
INSERT INTO dbo.Expectation ([Id], [Description]) VALUES ('615ea0da-a563-4b01-bf6d-01450c09f489', 'Coaches others on professional supervisor and client management styles');
INSERT INTO dbo.Expectation ([Id], [Description]) VALUES ('61cecaaf-c8f9-4a4c-9131-eecdec81a83d', 'Identifies components of a known technical or functional model in detail');
INSERT INTO dbo.Expectation ([Id], [Description]) VALUES ('621b857d-42a8-4a1f-865f-904d066ad51c', 'Acts with integrity in all business relationships, always doing the right thing and accountable for what your team promised when it is promised');
INSERT INTO dbo.Expectation ([Id], [Description]) VALUES ('625aad76-80f1-47d5-80d4-ee2c777ec73e', 'Informs other Allatians of an idea in an area of interest to you and the firm in a structured communication format');
INSERT INTO dbo.Expectation ([Id], [Description]) VALUES ('62f1eab2-529c-4117-bd3e-944496194174', 'Adapts message to the preferred communication style of the stakeholders - articulating situational context and multiple viewpoints');
INSERT INTO dbo.Expectation ([Id], [Description]) VALUES ('641efee7-6325-4c57-9943-e592544b41cd', 'Matches names and faces of everyone in market, meet fellow out-of-market Allatians and build your relationships');
INSERT INTO dbo.Expectation ([Id], [Description]) VALUES ('64755662-a6cc-4ee4-ab34-5be652705093', 'Understands how to manipulate components in detail to adapt a working technical and/or functional model across your team members assignments');
INSERT INTO dbo.Expectation ([Id], [Description]) VALUES ('65a7bdc7-d932-4098-af80-4a3930ffd5b6', 'Consistently regulates emotions and behaviors through continual self reflection and monitors personal perception across stakeholders; absent frequent episodes of detracting behavior');
INSERT INTO dbo.Expectation ([Id], [Description]) VALUES ('667dbde2-6a40-47a4-9c10-2370ad483349', 'Collectively accountable for account plans for new and follow-on work at current / past clients');
INSERT INTO dbo.Expectation ([Id], [Description]) VALUES ('66dbed62-f7a2-4282-9c05-e739e6720f9d', 'Contributes to team member learning by leading informal training such as lunch and learns');
INSERT INTO dbo.Expectation ([Id], [Description]) VALUES ('67047556-557c-4667-956d-bb307c49f2db', 'Participates actively on a regular basis in more than one NFP organization and maintains trusted relationships within at least one organization');
INSERT INTO dbo.Expectation ([Id], [Description]) VALUES ('672bf497-fc52-4aff-8db5-ce2892c46a18', 'Blank');
INSERT INTO dbo.Expectation ([Id], [Description]) VALUES ('675fb2ee-412b-4c26-a3fc-303b94f0c470', 'Develops an insight into a form that can be shared internally and published externally, once a month');
INSERT INTO dbo.Expectation ([Id], [Description]) VALUES ('68322228-78f9-4dfd-8765-bf675197d030', 'Demonstrates mastery of presenting in multiple formats at multiple stakeholder venues');
INSERT INTO dbo.Expectation ([Id], [Description]) VALUES ('68b7eaad-d63b-4e92-845c-9384c990de15', 'Helps teammates');
INSERT INTO dbo.Expectation ([Id], [Description]) VALUES ('68e5ffa2-ff1e-4461-961d-2a9a5050c182', 'Coaches others to manipulate components in detail to create a working technical and/or functional models under different scenarios across multiple projects');
INSERT INTO dbo.Expectation ([Id], [Description]) VALUES ('69b1a198-53d2-4375-9826-656a8cc1494b', 'Participates actively and builds trusted relationships in a local technical, functional or industry affinity group (includes building trusted relationships with like-minded individuals that could join our firm)');
INSERT INTO dbo.Expectation ([Id], [Description]) VALUES ('6a3e36ef-45c1-4f9b-8fa2-641b59ba2d17', 'Demonstrates an awareness of and has begun regulating several emotions and behaviors; absent persistent episodes of detracting behaviors');
INSERT INTO dbo.Expectation ([Id], [Description]) VALUES ('6a9c7fde-63e1-42be-a397-5bfa687d9fc2', 'Blank');
INSERT INTO dbo.Expectation ([Id], [Description]) VALUES ('6be331c6-a3ea-443c-b3b5-b7606a68e779', 'Understands work plans, work breakdown structures, task dependencies and skills required complete team level assignments');
INSERT INTO dbo.Expectation ([Id], [Description]) VALUES ('6c897bfd-45ae-4689-806d-06b7ca7fa374', 'Sought out as a trusted advisor, developing and maintaining executive and junior level trusted advisor relationships with multiple current and past clients');
INSERT INTO dbo.Expectation ([Id], [Description]) VALUES ('6e4ea647-f035-44bb-9394-23d5b019a554', 'Blank');
INSERT INTO dbo.Expectation ([Id], [Description]) VALUES ('6e93652a-65b1-4c7f-868c-195f132e82ff', 'Designs valid solutions that leverage firms capabilities to meet multiple business needs');
INSERT INTO dbo.Expectation ([Id], [Description]) VALUES ('710b6502-aa1f-432b-b230-4e5179875e4d', 'Goes beyond the obvious to identify meaningful unknown/unmet opportunities for existing and prospective clients across multiple scenarios');
INSERT INTO dbo.Expectation ([Id], [Description]) VALUES ('71774ff9-14a2-488a-8aa2-9f15b3b82dd2', 'Demonstrates an awareness of and has begun regulating many emotions and behaviors; absent persistent episodes of detracting behavior');
INSERT INTO dbo.Expectation ([Id], [Description]) VALUES ('71fa1969-144d-408a-a586-b4f8bfe3f6b6', 'Serves on at least one committee while maintaining regular participation across more than one NFP organization');
INSERT INTO dbo.Expectation ([Id], [Description]) VALUES ('735d1628-ad25-4431-b273-f1cb2addbc29', 'Mentors others on work plans, work breakdown structures, task dependencies and required skills to complete complex programs');
INSERT INTO dbo.Expectation ([Id], [Description]) VALUES ('7410b4c3-f6ca-43a1-9465-0cb0542ca9d7', 'Sets aside personal needs and desires to enable team members success');
INSERT INTO dbo.Expectation ([Id], [Description]) VALUES ('7623286f-2cdd-42e3-a8b5-baf91852f7f7', 'Effectively provides context around assignments for their team members');
INSERT INTO dbo.Expectation ([Id], [Description]) VALUES ('7663242e-1271-440b-9f01-f87b3ed1d84f', 'Prioritizes project members schedules and minimizes project distractions');
INSERT INTO dbo.Expectation ([Id], [Description]) VALUES ('789fc3ef-f86c-4dd4-a262-29102fd59f52', 'Mentors others on clear, transparent and valid estimates for business programs (series of projects) considering multiple scenarios');
INSERT INTO dbo.Expectation ([Id], [Description]) VALUES ('795c33b3-58c4-44ed-9e91-40e8a1aee0cb', 'Coaches others as a Master in articulating the value we bring to an organization and its business partners in the context of their decision making process');
INSERT INTO dbo.Expectation ([Id], [Description]) VALUES ('7a6bd73b-63a7-4c1d-a4ce-2697fc20a85f', 'Contributes to company training efforts by leading informal training or supporting formal training');
INSERT INTO dbo.Expectation ([Id], [Description]) VALUES ('7ae31968-9313-4684-a4ce-df9284bbbc96', 'Advises others on company policies and systems; such as time/expense, security, controls, training and other administrative tasks; in addition to complying ');
INSERT INTO dbo.Expectation ([Id], [Description]) VALUES ('7b1d8ac9-8499-4489-a8e0-55d65a670937', ' Demonstrates that the needs of the many outweigh the needs of the one; provides constructive feedback and support to their leaders and peers');
INSERT INTO dbo.Expectation ([Id], [Description]) VALUES ('7bd99c2b-f775-41e5-82cd-7e908ae25715', 'Storyboards entire documents using professional, clear, and concise  style');
INSERT INTO dbo.Expectation ([Id], [Description]) VALUES ('7c1937d5-d9a6-4199-bbcf-0f0ba53c8388', 'Manages meaningfully difficult communication with stakeholders involving conflict and/or politically-charged environments');
INSERT INTO dbo.Expectation ([Id], [Description]) VALUES ('7c435f97-4d94-4122-ba5d-67e67ca204f7', 'Attentive and able to recall key information for later use');
INSERT INTO dbo.Expectation ([Id], [Description]) VALUES ('7ce446f4-5b4c-4a4a-ba57-61c0c9c401cc', 'Presents sections of presentations as part of meetings');
INSERT INTO dbo.Expectation ([Id], [Description]) VALUES ('7d56cc7d-10f0-4224-a102-29bfa739a8ee', 'Blank');
INSERT INTO dbo.Expectation ([Id], [Description]) VALUES ('7d8f7ff4-ec7a-40fd-b823-17c6e59deb7f', 'Understands work plans, work breakdown structures, task dependencies and skills required to complete project level assignments');
INSERT INTO dbo.Expectation ([Id], [Description]) VALUES ('7dfbfc51-7fe7-4145-9208-2e8d2b42e8aa', 'Serves on at least one senior committee / board while maintaining regular participation across more than one NFP organization');
INSERT INTO dbo.Expectation ([Id], [Description]) VALUES ('7eb6e3ab-a26c-42dd-a17f-85c0694aba0e', 'Clearly answers questions in informal discussions');
INSERT INTO dbo.Expectation ([Id], [Description]) VALUES ('7f0e3210-0381-4423-bacd-a8210e425db7', 'Seeks career guidance from others (inside & outside the firm)');
INSERT INTO dbo.Expectation ([Id], [Description]) VALUES ('7f755398-965d-4a92-8a00-b76ace9f1c6e', 'Takes on a special internal project with supervisory support');
INSERT INTO dbo.Expectation ([Id], [Description]) VALUES ('7fc5d581-e948-4f8b-b3ba-10c7d59fc572', 'Coaches others to manipulate components in detail to create a working technical and/or functional models under different scenarios across your project');
INSERT INTO dbo.Expectation ([Id], [Description]) VALUES ('7fe36ec2-986f-460c-8c6d-7634d9637c5b', 'Blank');
INSERT INTO dbo.Expectation ([Id], [Description]) VALUES ('801184c1-5531-418a-94f9-6b356a82fca6', 'Mentors accepted industry methods method and approach for an entire project and understands all disciplines used within the project');
INSERT INTO dbo.Expectation ([Id], [Description]) VALUES ('804cf300-b3db-4b78-b09f-14b43fa40527', 'Mentors others to understand, respect, help and communicate honestly with all stakeholders');
INSERT INTO dbo.Expectation ([Id], [Description]) VALUES ('80d6f76a-402b-421f-a105-bf774be18cda', 'Proactively creates and analyzes a program plan; understand different scenarios that could occur and can discuss pros and cons for adjustments to accommodate each scenario, as well as identify indicators for movement into a scenario ');
INSERT INTO dbo.Expectation ([Id], [Description]) VALUES ('8370583c-291e-432f-862c-b371252d8942', 'Provides clear, transparent and valid estimates for project level assignments under conditions of uncertainty');
INSERT INTO dbo.Expectation ([Id], [Description]) VALUES ('837b0de2-f5d4-4ba2-937e-1e18fbb9f99e', 'Executes a networking program while coaching others to advance trusted relationships broadly within and across markets');
INSERT INTO dbo.Expectation ([Id], [Description]) VALUES ('84276d86-6260-420d-b578-8639fe4c2aa3', 'Re-plans a project after changes occur that impact the project scope or timeline');
INSERT INTO dbo.Expectation ([Id], [Description]) VALUES ('851a72f9-bf09-4772-9433-8ce9e032757a', 'Explains design principles across multiple problem / solutions at a project level');
INSERT INTO dbo.Expectation ([Id], [Description]) VALUES ('85478b6b-859d-4b24-bc23-c8f1e92238c0', 'Leads one internal initiative (e.g. recruiting, training development, technology improvements, internal presentations, etc.) recognized by market leader as  meaningful to market');
INSERT INTO dbo.Expectation ([Id], [Description]) VALUES ('8643b809-aff8-40c0-b74a-c27237a33fac', 'Matches names and faces of everyone in market, meet fellow out-of-market Allatians and stay connected.  Begin developing trusted relationships with other Managers in your local market.');
INSERT INTO dbo.Expectation ([Id], [Description]) VALUES ('8660ac7c-bfbb-42d4-a593-509320d1a3ab', 'Clearly and appropriately communicates relevant ideas in discussions with all stakeholders');
INSERT INTO dbo.Expectation ([Id], [Description]) VALUES ('868da1ac-d3bb-464d-9a45-8d44771442bb', 'Independently performs rigorous and thoughtful analysis of complicated problems');
INSERT INTO dbo.Expectation ([Id], [Description]) VALUES ('87ca3b7e-c58b-4e0c-85ad-20ef260a50ae', 'Estimates time to complete individual assignments');
INSERT INTO dbo.Expectation ([Id], [Description]) VALUES ('88765b04-b48e-469d-bda0-0f553f5e3cd9', 'Leads others to discover and break down systems into components to understand how they work together across your client');
INSERT INTO dbo.Expectation ([Id], [Description]) VALUES ('88c94e89-8bdb-4eba-a8ca-563ac22cb13e', 'Leads the account planning process for a client, a prospect and a target');
INSERT INTO dbo.Expectation ([Id], [Description]) VALUES ('88f0306b-e0bb-486a-be47-b3c52adaa959', 'Treats employees, clients and superiors with patience, encouragement, fairness and respect while maintaining self-respect');
INSERT INTO dbo.Expectation ([Id], [Description]) VALUES ('8a667feb-8a0e-4881-8b18-c0ca1ac004ff', 'Blank');
INSERT INTO dbo.Expectation ([Id], [Description]) VALUES ('8ac73ac6-743d-4d59-9a6e-f4d138b9efe9', 'Participates in an internal initiative (e.g. recruiting, training development, technology improvements, internal presentations, etc.)');
INSERT INTO dbo.Expectation ([Id], [Description]) VALUES ('8b59d5fd-7f4e-420e-92be-c54c94ee0001', 'Understands, respects, helps and communicates honestly with all team members');
INSERT INTO dbo.Expectation ([Id], [Description]) VALUES ('8d26f6a1-5342-45b2-868a-6f6868c5d6f1', 'Accurately estimates time to complete team level assignments');
INSERT INTO dbo.Expectation ([Id], [Description]) VALUES ('8d374805-02b6-4816-b96a-26050eb417ea', 'Role model for others in articulating the value we bring to an organization and its business partners in the context of their decision making process');
INSERT INTO dbo.Expectation ([Id], [Description]) VALUES ('8fa9bf86-a17d-4ac0-86ab-a17ed03713cd', 'Blank');
INSERT INTO dbo.Expectation ([Id], [Description]) VALUES ('9022f14c-346f-49be-b537-7cf9dc270f68', 'Masters coaching based on development needs and strengths for career progression of team membes and mentees; regarded as an effective coach and mentor');
INSERT INTO dbo.Expectation ([Id], [Description]) VALUES ('903fa6f9-6a75-48b6-b38d-c5f34fee3c98', 'Provides clear, transparent and valid estimates  for project proposals (implies significant uncertainties)');
INSERT INTO dbo.Expectation ([Id], [Description]) VALUES ('90e4594d-6f6d-46ce-b3dd-96bc3ca179a2', 'Seeks to understand the context for assignments');
INSERT INTO dbo.Expectation ([Id], [Description]) VALUES ('918dc8b8-7c60-4dff-8b2b-bb1b513336b2', 'Meets with decision makers, gatekeepers and connectors to develop stronger relationships');
INSERT INTO dbo.Expectation ([Id], [Description]) VALUES ('91effe45-714b-4522-9ed2-1170cc86d4bc', 'Coaches others on effective listening, engagement and empathy in all conversations');
INSERT INTO dbo.Expectation ([Id], [Description]) VALUES ('91faafa9-dff9-4f99-9e2d-2d73b8006bca', 'Provides clear, transparent and valid estimates for project level assignments');
INSERT INTO dbo.Expectation ([Id], [Description]) VALUES ('9285186d-f50c-4d2d-9ca7-fd83748078c4', 'Understands organizational structure and key stakeholders at current client');
INSERT INTO dbo.Expectation ([Id], [Description]) VALUES ('934f1df9-d12e-4ca7-8f60-4b6d53257ead', 'Extends accepted industry methods methods and approaches for one discipline that  is used effectively across the firm');
INSERT INTO dbo.Expectation ([Id], [Description]) VALUES ('947df855-e5b9-4a2e-b645-8659bbe6152e', 'Accurately communicates status on individual assignments');
INSERT INTO dbo.Expectation ([Id], [Description]) VALUES ('94879652-c25f-49a9-bb45-c921555e2bd1', 'Discovers and breaks down systems into components to understand how they work together across your team members assignments');
INSERT INTO dbo.Expectation ([Id], [Description]) VALUES ('949eb892-9677-4c4e-a0c9-dce6287ad561', 'Mentors on time management across MT and client activities');
INSERT INTO dbo.Expectation ([Id], [Description]) VALUES ('95122382-3560-49ab-a563-1fcea2b03a34', 'Blank');
INSERT INTO dbo.Expectation ([Id], [Description]) VALUES ('95be722a-d1f3-44b3-b755-97d0f02c5e0d', 'Understands the effort required and criticality of issues in order to allocate resources without expending extraneous hours to successfully complete the tasks');
INSERT INTO dbo.Expectation ([Id], [Description]) VALUES ('9875bc4d-d355-4d0f-bfd4-65168ce90198', 'Coaches others on clear, transparent and valid estimates for business programs (series of projects) considering multiple scenarios');
INSERT INTO dbo.Expectation ([Id], [Description]) VALUES ('98b9ed27-098a-4afc-a484-628d5ec42fed', 'Coaches multiple internal initiatives (e.g. recruiting, training development, technology improvements, internal presentations, etc.) recognized by market leader as meaningful to market');
INSERT INTO dbo.Expectation ([Id], [Description]) VALUES ('98cd9afc-328a-435e-bf83-8f2c4de01335', 'Understands accepted industry methods and approach for assigned team-level tasks');
INSERT INTO dbo.Expectation ([Id], [Description]) VALUES ('99481bd0-3bfa-42bd-bbe8-1dc9bcf1bdfc', 'Serves on a combination of local or national senior committees / boards while maintaining regular participation across more than one NFP organization');
INSERT INTO dbo.Expectation ([Id], [Description]) VALUES ('995a0435-b674-49be-8871-c846effe571b', 'Matches names and faces of everyone in market, meet fellow out-of-market Allatians and build trusted relationships within your project teams');
INSERT INTO dbo.Expectation ([Id], [Description]) VALUES ('9974bb78-c544-49b1-a5ce-d713170f888c', 'Acts with integrity in all business relationships, always doing the right thing and delivering what is promised when it is promised');
INSERT INTO dbo.Expectation ([Id], [Description]) VALUES ('9f2b64da-16a1-4c09-be00-9b697912957a', 'Interacts professionally with all stakeholders; constructively expressing emotions and beliefs');
INSERT INTO dbo.Expectation ([Id], [Description]) VALUES ('a06c9b95-91d6-430f-bdf6-4ce0241f2444', 'Understands the amount of work required and criticality of issues and allocates resources in such a way that all work is completed successfully without extraneous effort and hours expended at the client');
INSERT INTO dbo.Expectation ([Id], [Description]) VALUES ('a1f9008f-0e3d-4341-bc54-b4a3b04e4677', 'Answers questions clearly and accurately during formal discussions');
INSERT INTO dbo.Expectation ([Id], [Description]) VALUES ('a228a7cb-9097-4b41-a787-52131120c7fa', 'Contributes details to the overall plan within their scope of experience and skills');
INSERT INTO dbo.Expectation ([Id], [Description]) VALUES ('a30034a7-3dc0-426a-ae9c-799226e08525', 'Blank');
INSERT INTO dbo.Expectation ([Id], [Description]) VALUES ('a3840045-aefb-4072-9015-454323f65b8a', 'Demonstrates expertise in articulating the value our team brings to a client in the context of their decision making process');
INSERT INTO dbo.Expectation ([Id], [Description]) VALUES ('a4a3d47f-7f7c-424e-b1bc-29515329fa0f', 'Orchestrates the most appropriate venue and approach to communicate ideas');
INSERT INTO dbo.Expectation ([Id], [Description]) VALUES ('a4b6b81a-7279-4959-a066-5875acb86b8f', 'Effectively communicates complex problems and solutions and why you matter to prospects and their value chain');
INSERT INTO dbo.Expectation ([Id], [Description]) VALUES ('a53af7e6-86fd-4510-a8ab-55325b8e8de6', 'Demonstrates expertise with the sales process and accurately assesses firm risk and accountabilities when negotiating agreements');
INSERT INTO dbo.Expectation ([Id], [Description]) VALUES ('a5709b01-0a05-4249-b679-2dc37e7069b8', 'Designs robust solutions that leverage firms capabilities to meet multiple business needs ');
INSERT INTO dbo.Expectation ([Id], [Description]) VALUES ('a755c9a9-3219-4dc3-aa60-8e5a05b40586', 'Creatively formulates solution options for complicated problems');
INSERT INTO dbo.Expectation ([Id], [Description]) VALUES ('a7b1934d-9e2b-44e5-8538-946d5a06c525', 'Makes use of information-structuring techniques to clearly communicate ideas in all correspondence');
INSERT INTO dbo.Expectation ([Id], [Description]) VALUES ('a819d4f9-cacf-40e8-aab3-f25a1e9df97e', 'Leads the account planning process for a client and a prospect');
INSERT INTO dbo.Expectation ([Id], [Description]) VALUES ('aacffbfe-b546-4637-adf2-8ea54ab7fe06', 'Focuses on developing employees rather than individual benefit, always considering others and acknowledging mistakes immediately');
INSERT INTO dbo.Expectation ([Id], [Description]) VALUES ('abb114fe-b5c7-4382-afdb-522b915d5b43', 'Gives credit for successes to others and takes responsibility for failures');
INSERT INTO dbo.Expectation ([Id], [Description]) VALUES ('acd13059-451e-4454-8e02-fe591e9e3494', 'Follows professional, clear, and concise style for written documents & presentation');
INSERT INTO dbo.Expectation ([Id], [Description]) VALUES ('ad052ecc-24e4-472b-8dee-19693263de96', 'Identifies stages, and relevant steps, in the sales process and understands all agreements with project implications; participates in the sales process at the current client');
INSERT INTO dbo.Expectation ([Id], [Description]) VALUES ('ae3a5ffb-c80f-443d-aeb2-58428d8c4169', 'Leverages their own and others insights to help others advance their careers and/or extendi the maturity of their insights');
INSERT INTO dbo.Expectation ([Id], [Description]) VALUES ('af731cb8-583e-42f0-aa11-e1ca7279fd09', 'Mentor in  Demonstrating expertise in articulating the value our team brings to an organization (accounts and targets) in the context of their decision making process');
INSERT INTO dbo.Expectation ([Id], [Description]) VALUES ('b00fe28b-b99e-4e90-a0dd-f444363b6a7e', 'Promotes a team based culture, getting beyond stereotypes and embraces diversity, as well as helps other clients and markets outside direct responsibility');
INSERT INTO dbo.Expectation ([Id], [Description]) VALUES ('b0334cc6-e02a-448c-8066-64960f92db37', 'Mentors Allatians on professional supervisor and client management styles');
INSERT INTO dbo.Expectation ([Id], [Description]) VALUES ('b0465f1d-85cf-47b0-ae04-6e4b44785974', 'Prioritizes own schedule to handle client work, internal and personal demands');
INSERT INTO dbo.Expectation ([Id], [Description]) VALUES ('b18aa635-c4ff-4c49-8071-7502cc2a4ec5', 'Generates industry or functional-level hypotheses and validates them by directing all research and interviewing efforts');
INSERT INTO dbo.Expectation ([Id], [Description]) VALUES ('b243d4e4-c3cb-445d-9675-223c851d6ee2', 'Coaches others to discover how to  break down systems into components to understand how they work together across your technical or functional and project management or industry area');
INSERT INTO dbo.Expectation ([Id], [Description]) VALUES ('b28dcc30-62aa-4911-a9ec-acde0da8464b', 'Blank');
INSERT INTO dbo.Expectation ([Id], [Description]) VALUES ('b3bde220-d008-45a1-af54-26c106e1fbff', 'Considers feedback when recommending corrective actions and incremental improvements');
INSERT INTO dbo.Expectation ([Id], [Description]) VALUES ('b5516df2-c335-4339-8d44-95db9da93b4c', 'Takes the time to help Allata and client project team members');
INSERT INTO dbo.Expectation ([Id], [Description]) VALUES ('b5760672-2e45-4672-962d-d57c29ad0112', 'Recommends changes in direction considering interdependencies and risks across multiple dimensions under different scenarios');
INSERT INTO dbo.Expectation ([Id], [Description]) VALUES ('b7facaff-7299-4399-ae5c-4d109f715dfd', 'Designs robust solutions that leverage firms capabilities to meet multiple business needs for an industry or function');
INSERT INTO dbo.Expectation ([Id], [Description]) VALUES ('b8541388-7eac-4c73-90c7-b747d70ffbd4', 'Develops and maintains a junior level relationship of mutual respect with multiple current and past clients');
INSERT INTO dbo.Expectation ([Id], [Description]) VALUES ('b8f5bce0-2652-404c-9609-f4ad470b053e', 'Coaches others in professional personal habits');
INSERT INTO dbo.Expectation ([Id], [Description]) VALUES ('b8fa5dd5-57bf-44ca-becb-6bcc2064e96c', 'Understands work plans, work breakdown structures, task dependencies and required skills to complete complex programs ');
INSERT INTO dbo.Expectation ([Id], [Description]) VALUES ('b986110c-6ab4-4527-93b1-1577d655b14e', 'Participates in the account planning process at current client');
INSERT INTO dbo.Expectation ([Id], [Description]) VALUES ('ba215b06-d8a0-4036-869a-442242c44c60', 'Applies and extends frameworks to solve business and technology problems on projects');
INSERT INTO dbo.Expectation ([Id], [Description]) VALUES ('ba51fff9-7ae0-4d25-bfcc-cb1d7435f7a8', 'Applies design principles across multiple problem / solutions to team members assignments');
INSERT INTO dbo.Expectation ([Id], [Description]) VALUES ('bacf8b0b-33eb-4b58-bd8f-913df605fac1', 'Pursue learning opportunities within the scope of our business');
INSERT INTO dbo.Expectation ([Id], [Description]) VALUES ('bae0cdef-79ff-4493-8378-b54a1811a297', 'Matches names and faces of everyone in market, meet fellow out-of-market Allatians and stay connected.  Develop trusted relationships with other Managers in your local market');
INSERT INTO dbo.Expectation ([Id], [Description]) VALUES ('bc39c402-fe85-49fc-afa6-3956e889beb4', 'Effectively provides context for the work performed by their stakeholders');
INSERT INTO dbo.Expectation ([Id], [Description]) VALUES ('bc40d201-ea75-4d93-9964-9a5a251a5c8d', 'Accountable for our firms ethical conduct');
INSERT INTO dbo.Expectation ([Id], [Description]) VALUES ('bc8d4a05-bb42-4d83-929a-01760be8aa9e', 'Actively manages project profitability for both our firm and our clients; supporting and contributing to their local markets strategic plan');
INSERT INTO dbo.Expectation ([Id], [Description]) VALUES ('bcad27bb-04ed-458a-8996-3c1d87f95982', 'Sought after by other mentors as an expert advisor');
INSERT INTO dbo.Expectation ([Id], [Description]) VALUES ('bdf35e01-7b2f-4e5f-b2e8-1119980bcdc9', 'Demonstrates that the needs of the many outweigh the needs of the one; provides constructive feedback and recommedations for improvement to their project leaders and peers');
INSERT INTO dbo.Expectation ([Id], [Description]) VALUES ('be300f33-49dc-406f-b226-6de2f5eb5069', 'Matches names and faces of every MT member in nationally , meet fellow out-of-market MT and stay connected and develop trusted relationships with some out-of-market MT');
INSERT INTO dbo.Expectation ([Id], [Description]) VALUES ('be62456e-f404-49de-8123-5c5d482fc513', 'Blank');
INSERT INTO dbo.Expectation ([Id], [Description]) VALUES ('be804017-2a98-4b19-b591-fb2d30174e34', 'Identifies unknown/unmet, complex problems from a business perspective and creatively formulates elegant solution options across multiple scenarios');
INSERT INTO dbo.Expectation ([Id], [Description]) VALUES ('be92c98f-3dfc-4335-a990-6effb2c77d65', 'Identifies known/unmet, complicated problems and creatively formulates solution options');
INSERT INTO dbo.Expectation ([Id], [Description]) VALUES ('bff65225-8052-4e44-a42d-cf2b8eaff1c4', 'Considers the client and Allata rather than just project efforts');
INSERT INTO dbo.Expectation ([Id], [Description]) VALUES ('c0293008-107e-4b7c-9c8c-02e076226b46', 'Connects, and stay connected, with clients associated with current and past  projects');
INSERT INTO dbo.Expectation ([Id], [Description]) VALUES ('c0939a71-71d5-48d2-8fda-1c06c89d9a26', 'Proactively create and analyze a project plan; understand different scenarios that could occur and can discuss pros and cons for adjustments to accommodate each scenario');
INSERT INTO dbo.Expectation ([Id], [Description]) VALUES ('c0a4104b-3ce9-4e85-a84a-09de19bbb890', 'Adapts message to the preferred communication style of the stakeholders considering situational context and their perspectives');
INSERT INTO dbo.Expectation ([Id], [Description]) VALUES ('c0abdbab-a441-41b5-94bf-a1da033f209a', 'Leads others to discover and break down systems into components to understand how they work together across your project');
INSERT INTO dbo.Expectation ([Id], [Description]) VALUES ('c13e71e5-6aa5-4c6b-a138-b4dea18f67ef', 'Plans their individual assignments within the bounds of the overall plan');
INSERT INTO dbo.Expectation ([Id], [Description]) VALUES ('c19913e1-087d-4703-9706-3dc2a1d79990', 'Develops and maintains a junior level relationship of mutual respect with at least one current and one past client');
INSERT INTO dbo.Expectation ([Id], [Description]) VALUES ('c25a4e49-909f-4d54-8c1d-0300c1354c58', 'Identifies known sub-systems that affect your assigned tasks');
INSERT INTO dbo.Expectation ([Id], [Description]) VALUES ('c25b4f61-c033-4ea8-ae34-a4173c2074cf', 'Considers the impact of personal decisions on the financial results of our firm and our clients in the context of their local markets strategic plan');
INSERT INTO dbo.Expectation ([Id], [Description]) VALUES ('c2f4ae6f-aba0-4fa2-9127-3016709f6ed8', 'Mentors others to effectively listen, engage and demonstrate empathy in all conversations');
INSERT INTO dbo.Expectation ([Id], [Description]) VALUES ('c31a2b36-56aa-4fdb-973c-53ba9455b289', 'Clearly and appropriately communicates ideas all correspondence');
INSERT INTO dbo.Expectation ([Id], [Description]) VALUES ('c3820d58-12d4-4b49-b62a-20fbc76c3dbc', 'Promotes the one firm concept, embracing diversity, & helps leaders across all markets');
INSERT INTO dbo.Expectation ([Id], [Description]) VALUES ('c3a8fd39-68b6-4b21-912f-1209af1fbdcd', 'Supports and contributes to a market and the target leverage model through effectively managing the profitability of multiple clients');
INSERT INTO dbo.Expectation ([Id], [Description]) VALUES ('c4547d40-bd11-4ab2-ac50-797cb6449f5a', 'Blank');
INSERT INTO dbo.Expectation ([Id], [Description]) VALUES ('c57579e6-4e8d-4b3f-8c2d-004d9607c2a8', 'Actively manages project profitability for both our firm and our clients in the context of their local markets strategic plan');
INSERT INTO dbo.Expectation ([Id], [Description]) VALUES ('c578b02e-264c-40ac-a863-165e85a99590', 'Contributes to meeting objectives by offering insights and helping everyone stay on track');
INSERT INTO dbo.Expectation ([Id], [Description]) VALUES ('c589dab4-a274-4a80-8e2f-662f5c2234fa', 'Demonstrates accepted industry methods and approach for individual assigned tasks');
INSERT INTO dbo.Expectation ([Id], [Description]) VALUES ('c733e0d2-8b4c-499a-909a-585bbe712f7a', 'Role model for effective listening, engagement and empathy in all conversations');
INSERT INTO dbo.Expectation ([Id], [Description]) VALUES ('c78f24e8-1494-4c5f-bc64-f2e68454dd12', 'Mentors accepted industry methods method and approach for an entire discipline; understands same for entire project');
INSERT INTO dbo.Expectation ([Id], [Description]) VALUES ('c8367984-6c1f-455e-b56d-b097b5fe4b71', 'Coaches others to discover and break down systems into components to understand how they work together across multiple enterprise domains');
INSERT INTO dbo.Expectation ([Id], [Description]) VALUES ('c9215cde-9736-4fc7-b1fe-d596e4dc813e', 'Explains design principles across multiple problem / solutions under different scenarios');
INSERT INTO dbo.Expectation ([Id], [Description]) VALUES ('cb472162-2f8f-4fcd-9328-8a79703f0c3e', 'Get the right things done with minimum oversight within your competency by supervisor');
INSERT INTO dbo.Expectation ([Id], [Description]) VALUES ('cbaf1ae3-e5c8-4e47-82cf-d752dc29633b', 'Demonstrates proficiency with the sales process and understands all client and/or partner agreements affecting their teams work');
INSERT INTO dbo.Expectation ([Id], [Description]) VALUES ('ccd94acf-0463-4522-92c6-f87ccc3d6bdc', 'Accurately communicates status and prioritizesindividual assignments to complete on schedule');
INSERT INTO dbo.Expectation ([Id], [Description]) VALUES ('cd416ed9-78de-436a-9503-ef193ab48ab1', 'Extends accepted industry methods methods and approaches for one discipline');
INSERT INTO dbo.Expectation ([Id], [Description]) VALUES ('cf83377f-6362-4471-9056-f0a322017df4', 'Matches names and faces of every MT member in nationally , meet fellow out-of-market MT and develop trusted relationships with one MT member in each market');
INSERT INTO dbo.Expectation ([Id], [Description]) VALUES ('cfc5e030-79fd-4c2d-a2f9-fb762ea465ae', 'Mentors others on extending accepted industry methods methods and approaches for multiple disciplines that are used effectively across the firm');
INSERT INTO dbo.Expectation ([Id], [Description]) VALUES ('cfd8d3a0-02e3-4abb-b466-b30f3a3f2e41', 'Considers the client and Allata rather than just individual efforts');
INSERT INTO dbo.Expectation ([Id], [Description]) VALUES ('d0386630-0c6f-4e4b-afc8-11cc50bea89c', 'Leads a portion of the account planning process');
INSERT INTO dbo.Expectation ([Id], [Description]) VALUES ('d169fc9f-19e1-4dd0-b081-0be5d20321f7', 'Actively seeks opportunities for feedback and openly shares both challenges and success in own development');
INSERT INTO dbo.Expectation ([Id], [Description]) VALUES ('d17574c3-6a1a-4386-8cc4-739ca6ae53b7', 'Coaches others to understand, respect, help and communicate honestly with all stakeholders');
INSERT INTO dbo.Expectation ([Id], [Description]) VALUES ('d2b88ed2-4c19-4906-8e34-ad23105d1a42', 'Role model for others to understand, respect, help and communicate honestly with all stakeholders');
INSERT INTO dbo.Expectation ([Id], [Description]) VALUES ('d37aa81d-ff4c-4ad1-959e-f5b55a874980', 'Contributes to the account planning process at current client');
INSERT INTO dbo.Expectation ([Id], [Description]) VALUES ('d42bc49a-b2f4-4b05-8642-38a015a4f231', 'Demonstrates mastery of presenting in multiple formats at multiple stakeholder venues, including published works');
INSERT INTO dbo.Expectation ([Id], [Description]) VALUES ('d8179833-36b7-4df2-a459-88dc35198db5', 'Audits others compliance with company policies and systems; such as time/expense, security, controls, training and other administrative tasks; in addition to complying ');
INSERT INTO dbo.Expectation ([Id], [Description]) VALUES ('d8850aef-1b53-4057-9b04-c00af61e42e2', 'Leads one and coaches another internal initiative (e.g. recruiting, training development, technology improvements, internal presentations, etc.) recognized by market leader as  meaningful to market');
INSERT INTO dbo.Expectation ([Id], [Description]) VALUES ('d88b0b5a-8689-4571-8126-d1318c025230', 'Designs a workable solution that address a project need');
INSERT INTO dbo.Expectation ([Id], [Description]) VALUES ('d8f1d3c7-4a48-471f-9c32-0a4daa8abee0', 'Coaches others to manipulate components in detail to create a working technical and/or functional models across your project');
INSERT INTO dbo.Expectation ([Id], [Description]) VALUES ('d98f70d2-3fb1-40b6-866b-dd470a2684a2', 'Explains how components interact in detail to create a working technical and/or functional model across your team members assignments');
INSERT INTO dbo.Expectation ([Id], [Description]) VALUES ('d9d47401-de70-4a68-ac35-d3fc9dd8ccfa', 'Identifies and diagnoses known/unmet, complex problems on projects');
INSERT INTO dbo.Expectation ([Id], [Description]) VALUES ('da193abd-cf52-4924-9c3d-6949408ec81a', 'Mentors others in the application of design principles across multiple problem / solutions under different business scenarios');
INSERT INTO dbo.Expectation ([Id], [Description]) VALUES ('da4a36de-28d0-4749-9177-cb71dbb2d1cb', 'Identifies new decision makers, gatekeepers and connectors to develop stronger relationships');
INSERT INTO dbo.Expectation ([Id], [Description]) VALUES ('da6e18c8-5414-468e-a885-bad2d085bc99', 'Holistically views, within a conversation,  the interaction between participants (reads the room) and is able to adapt personal style and guide the conversation');
INSERT INTO dbo.Expectation ([Id], [Description]) VALUES ('dac3e66a-c5c0-4443-8f90-4d608bd9ef61', 'Leads entire presentations as part of meetings');
INSERT INTO dbo.Expectation ([Id], [Description]) VALUES ('dbe9e5c5-7ce8-4f14-90c9-3bdeb699edbe', 'Can identify major frameworks (e.g. EAF, Assess-Strategize-Plan, SDLC)');
INSERT INTO dbo.Expectation ([Id], [Description]) VALUES ('dc0513c1-d26e-409d-9037-a9d6811a9b55', 'Facilitates large meetings through their preparation, execution and follow through');
INSERT INTO dbo.Expectation ([Id], [Description]) VALUES ('dc267cd7-3ccb-41a6-896e-b50c2db33224', 'Mentors others on the development of accounts both locally and nationally');
INSERT INTO dbo.Expectation ([Id], [Description]) VALUES ('dc3159a7-d8e1-4308-bf58-a660e6ad5dd9', 'Participates actively on a regular monthly basis in a Not for Profit (NFP) organization');
INSERT INTO dbo.Expectation ([Id], [Description]) VALUES ('dd071159-560b-4be8-9649-5d15abc579d7', 'Understands the need for partnership');
INSERT INTO dbo.Expectation ([Id], [Description]) VALUES ('def77774-66ed-499e-bd2d-9e11fde6e82c', 'Understands design principles related to team members assignments');
INSERT INTO dbo.Expectation ([Id], [Description]) VALUES ('defc8a76-627e-49c4-9e66-512eb06cbaa2', 'Demonstrates awareness and regulation most emotions and behaviors; absent persistent episodes of detracting behavior');
INSERT INTO dbo.Expectation ([Id], [Description]) VALUES ('dfa827be-a5ac-4539-81be-8cb0cace6a01', 'Demonstrates unwavering professional will to accomplish client objectives');
INSERT INTO dbo.Expectation ([Id], [Description]) VALUES ('e0393f17-94c8-4db3-9c03-c57fb7abe241', 'Collectively accountable for developing accounts for new and follow-on work with clients and prospects');
INSERT INTO dbo.Expectation ([Id], [Description]) VALUES ('e063753b-dc44-4e83-9328-ab8e1a415e74', 'Can briefly describe major frameworks (e.g. EAF, Assess-Strategize-Plan, SDLC) at a high level');
INSERT INTO dbo.Expectation ([Id], [Description]) VALUES ('e0c604a1-cfe8-477a-ad1c-776bce6c5456', 'Generates system level hypotheses and validates them by directing all research and interviewing efforts, effectively avoiding "thinking traps"');
INSERT INTO dbo.Expectation ([Id], [Description]) VALUES ('e267895a-ff72-4b28-ac93-a88a3ebb091f', 'Promotes the one firm concept, embracing diversity, & helps other MT members across all markets');
INSERT INTO dbo.Expectation ([Id], [Description]) VALUES ('e3327aef-8246-4e58-b156-89c19f3e9c50', 'Proactively manages meaningfully difficult communication with and across stakeholders involving conflict and/or politically-charged environments');
INSERT INTO dbo.Expectation ([Id], [Description]) VALUES ('e3555015-025b-4519-bc15-5ad33887544c', 'Goes beyond the obvious to identify meaningful unknown/unmet opportunities');
INSERT INTO dbo.Expectation ([Id], [Description]) VALUES ('e3c6bdc8-4c8c-45f4-8643-7696bc10cfd7', 'Monitors others compliance with company policies and systems; such as time/expense, security, controls, training and other administrative tasks; in addition to complying ');
INSERT INTO dbo.Expectation ([Id], [Description]) VALUES ('e44efe87-2b1a-4674-be31-711708e1ac06', 'Understands the effort required and criticality of issues in order to allocate resources without expending extraneous hours to successfully complete the projects');
INSERT INTO dbo.Expectation ([Id], [Description]) VALUES ('e45e136b-723b-4579-8c69-e2c7075d63b3', 'Designs a valid solution that leverages firms capabilities to meet a business need ');
INSERT INTO dbo.Expectation ([Id], [Description]) VALUES ('e4a077c2-c45d-4d3c-8609-baaf04a6d6be', 'Understands components of a known technical or functional model in detail');
INSERT INTO dbo.Expectation ([Id], [Description]) VALUES ('e50fe4e5-3314-4213-9aa2-e04d1e2afd84', 'Recommends step level improvements considering interdependencies and risks across multiple dimensions under different scenarios');
INSERT INTO dbo.Expectation ([Id], [Description]) VALUES ('e6623bef-2bed-4176-b0a7-8a77bbbeb245', 'Develops and maintains an executive level trusted relationship, where you are able to test out new ideas, while continuing to develop current and past client relationships ');
INSERT INTO dbo.Expectation ([Id], [Description]) VALUES ('e9022e02-4b56-455f-a83c-d8cc9e3ddf42', 'Blank');
INSERT INTO dbo.Expectation ([Id], [Description]) VALUES ('e9176d54-e1f7-48ad-93e9-dbf4f14aed5b', 'Helps other project team members develop their skills and their careers');
INSERT INTO dbo.Expectation ([Id], [Description]) VALUES ('e9c90da5-cac1-4f47-a880-559e3f3a632d', 'Accountable for the ethical conduct of your teams');
INSERT INTO dbo.Expectation ([Id], [Description]) VALUES ('e9caf8d5-e4df-4ebc-83e8-7de4a3f8e816', 'Pursue learning opportunities in business and technology areas you are passionate about');
INSERT INTO dbo.Expectation ([Id], [Description]) VALUES ('ec086125-76dc-4e5e-9258-f8921e537df0', 'Considers the impact of personal and team decisions on the financial results of our firm and our clients in the context of their local markets strategic plan');
INSERT INTO dbo.Expectation ([Id], [Description]) VALUES ('ecd0afdc-a89c-43b7-9f2d-6f9d98b929e9', 'Demonstrates that the needs of the many outweigh the needs of the one; provides constructive feedback and recommendations for improvement to  leaders and peers');
INSERT INTO dbo.Expectation ([Id], [Description]) VALUES ('ed7be6f5-7c61-4598-9963-806e1be6b516', 'Understands supervisor / client management styles while continuing to act professionally');
INSERT INTO dbo.Expectation ([Id], [Description]) VALUES ('edd297e5-196e-4de9-a34c-311ff472d6a8', 'Blank');
INSERT INTO dbo.Expectation ([Id], [Description]) VALUES ('ee38ba8d-a4b1-4473-b63d-18b8c2510315', 'Regularly leads presentations in a variety of formats to different sizes and types of stakeholder audiences');
INSERT INTO dbo.Expectation ([Id], [Description]) VALUES ('ef7d5b61-52f8-4843-89d2-24e20d007c04', 'Is considered to be a helpful and supportive mentor');
INSERT INTO dbo.Expectation ([Id], [Description]) VALUES ('ef988d70-40ab-474d-b96b-dd1ef335a6fd', 'Draws valuable component/module-level insights from research and interviewing');
INSERT INTO dbo.Expectation ([Id], [Description]) VALUES ('f07518b4-9806-4a2b-ba53-5fc512a0e2b3', 'Uses professional, clear, and concise  style with minimal guidance');
INSERT INTO dbo.Expectation ([Id], [Description]) VALUES ('f1147c8c-fbf3-4d92-8be5-877a6921473e', 'Designs potential solutions that address a project need');
INSERT INTO dbo.Expectation ([Id], [Description]) VALUES ('f1ac7882-7886-48e9-b372-3e7fa904274d', 'The value of your advice is recognized in trusted relationships');
INSERT INTO dbo.Expectation ([Id], [Description]) VALUES ('f3537792-fd6c-4f76-bb6a-861f906c51f2', 'Leads application of design principles across multiple problem / solutions under different project scenarios');
INSERT INTO dbo.Expectation ([Id], [Description]) VALUES ('f35976d1-b519-426f-a937-7622cdab51eb', 'Demonstrates unwavering professional will to accomplish corporate objectives');
INSERT INTO dbo.Expectation ([Id], [Description]) VALUES ('f4110528-d4f4-4fd5-b42b-54c22dd70f1e', 'Blank');
INSERT INTO dbo.Expectation ([Id], [Description]) VALUES ('f44a1bf3-3e7a-423c-9cad-3e3a9efff92a', 'Articulates the value our team brings to an organization and how it matches their buying decision criteria');
INSERT INTO dbo.Expectation ([Id], [Description]) VALUES ('f511b6d8-9fea-4eff-aebd-4f2f8d05d858', 'Solves complicated problems with assistance');
INSERT INTO dbo.Expectation ([Id], [Description]) VALUES ('f5288e6a-f92b-4aab-aabf-4780e898fd4c', 'Matches names and faces of every MT member in nationally , meet fellow out-of-market MT and stay connected and develop trusted relationships with every MT member in your local market');
INSERT INTO dbo.Expectation ([Id], [Description]) VALUES ('f528dbce-66fd-4291-801d-3b9e0391a31d', 'Identifies when others have ideas that should be communicated and helps them communicate clearly and appropriately');
INSERT INTO dbo.Expectation ([Id], [Description]) VALUES ('f5425d63-39c4-49df-8221-d49a0ddf8f84', 'Makes effective use of work time and balances it against other personal demands for time');
INSERT INTO dbo.Expectation ([Id], [Description]) VALUES ('f5606606-e4a8-4911-9bde-dc03805a6637', 'Designs workable solutions that address your task assignments');
INSERT INTO dbo.Expectation ([Id], [Description]) VALUES ('f5cf4b91-69c0-470b-b2e4-4de99051722a', 'Applies frameworks to solve business and technology problems on projects');
INSERT INTO dbo.Expectation ([Id], [Description]) VALUES ('f6867032-40a9-41f3-90cf-9a4a27082d5f', 'Seeks out clients that are strong cultural fits for Allata');
INSERT INTO dbo.Expectation ([Id], [Description]) VALUES ('f8287635-5b81-4d37-b942-6bd11f09ee53', 'Performs community service individually or as part of an Allata team');
INSERT INTO dbo.Expectation ([Id], [Description]) VALUES ('f89a3cf9-04a2-45eb-b738-b76d6d7617da', 'Clearly defines objectives, agenda and timing for each meeting and runs meetings accordingly');
INSERT INTO dbo.Expectation ([Id], [Description]) VALUES ('f90103f7-af58-477e-b3cb-b198610733e8', 'Understands steps involved to perform individual assigned tasks');
INSERT INTO dbo.Expectation ([Id], [Description]) VALUES ('f9a70113-80eb-46b5-8a5c-cdbb4f901620', 'Understands design principles across multiple problem / solutions at a project level');
INSERT INTO dbo.Expectation ([Id], [Description]) VALUES ('f9fd1e6f-7d8d-4a20-abc1-9411d7abcf8f', 'Effectively articulates individuals development needs and strengths for career progression of team members and mentees; regarded as an effective coach and mentor');
INSERT INTO dbo.Expectation ([Id], [Description]) VALUES ('fae0527b-5647-4a12-9e19-123c190b2085', 'Recognized for understanding what to do within a competency by your supervisor');
INSERT INTO dbo.Expectation ([Id], [Description]) VALUES ('fc48774a-b882-47cd-bd9e-1a4066afd60c', 'Demonstrates unwavering professional will to accomplish objectives');
INSERT INTO dbo.Expectation ([Id], [Description]) VALUES ('fcc92b5c-72a6-43c6-bcb2-6f0df8bdf9d6', 'Models all potential (known and unknown) project issues and risks as well as develop appropriate contingency plans for each');
INSERT INTO dbo.Expectation ([Id], [Description]) VALUES ('fcd2b6c4-8747-4d12-9396-529c76af1e88', 'Mentors accepted industry methods method and approach for an entire project and multiple disciplines');
INSERT INTO dbo.Expectation ([Id], [Description]) VALUES ('fd13e7c0-acf8-4829-b7c7-7b17ac800356', 'Develops and maintains a junior level relationship of mutual respect with at least one client');
INSERT INTO dbo.Expectation ([Id], [Description]) VALUES ('fe4c3569-6664-4405-9338-267c185a9f10', 'Practices in some capacity making a positive difference in the world (your community outside of the organization)');
INSERT INTO dbo.Expectation ([Id], [Description]) VALUES ('fe5f14e3-2fe8-4164-9e7e-843ca42aeae0', 'Leads activities that advance trusted relationships broadly in the local market place');

-- dbo.CohortFacetExpectation
INSERT INTO dbo.CohortFacetExpectation ([Id], [CohortId],  [FacetId], [ExpectationId]) VALUES ('fd983eaf-55ae-428e-a660-5a09fb5dd930', '591211ee-689f-46e9-917c-8f9a04eb7546', 'd74908fd-3faa-4c26-af5d-88f68080c30e', 'c31a2b36-56aa-4fdb-973c-53ba9455b289');
INSERT INTO dbo.CohortFacetExpectation ([Id], [CohortId],  [FacetId], [ExpectationId]) VALUES ('23940a56-c258-452c-9fb4-5c44fdd41955', '732a1a53-a6dc-49be-a18c-a1671de58f6d', 'd74908fd-3faa-4c26-af5d-88f68080c30e', 'c31a2b36-56aa-4fdb-973c-53ba9455b289');
INSERT INTO dbo.CohortFacetExpectation ([Id], [CohortId],  [FacetId], [ExpectationId]) VALUES ('1750d77f-6bd6-439d-a2ba-1cc7b0c20e9a', '66237380-cd06-4cae-848e-fc14638047b8', 'd74908fd-3faa-4c26-af5d-88f68080c30e', 'c31a2b36-56aa-4fdb-973c-53ba9455b289');
INSERT INTO dbo.CohortFacetExpectation ([Id], [CohortId],  [FacetId], [ExpectationId]) VALUES ('7c8876a2-4fdf-4ec0-af93-8e63945822d8', 'acdb76f6-fefb-4c4e-b8af-5eb79f1cbf98', 'd74908fd-3faa-4c26-af5d-88f68080c30e', 'a7b1934d-9e2b-44e5-8538-946d5a06c525');
INSERT INTO dbo.CohortFacetExpectation ([Id], [CohortId],  [FacetId], [ExpectationId]) VALUES ('7e7c840a-bdd6-43fa-8577-4510039b5048', '0d8ac0ab-ca46-4f07-8baa-2c0e1798cdcc', 'd74908fd-3faa-4c26-af5d-88f68080c30e', 'a7b1934d-9e2b-44e5-8538-946d5a06c525');
INSERT INTO dbo.CohortFacetExpectation ([Id], [CohortId],  [FacetId], [ExpectationId]) VALUES ('0c57a8c0-dfbd-43a7-ba19-bdb8d0d74b59', '9d3d1201-eca6-424e-942b-82e48d2476c0', 'd74908fd-3faa-4c26-af5d-88f68080c30e', 'a7b1934d-9e2b-44e5-8538-946d5a06c525');
INSERT INTO dbo.CohortFacetExpectation ([Id], [CohortId],  [FacetId], [ExpectationId]) VALUES ('3fef4075-92b6-453a-bcb0-394ab596e866', '9a4f5330-2668-492c-9109-8d752f6081b1', 'd74908fd-3faa-4c26-af5d-88f68080c30e', 'a7b1934d-9e2b-44e5-8538-946d5a06c525');
INSERT INTO dbo.CohortFacetExpectation ([Id], [CohortId],  [FacetId], [ExpectationId]) VALUES ('70826027-6eb3-4058-99e3-d706246c608b', 'f2a8dc4e-525b-4479-b83e-44a7139b4a58', 'd74908fd-3faa-4c26-af5d-88f68080c30e', 'c0a4104b-3ce9-4e85-a84a-09de19bbb890');
INSERT INTO dbo.CohortFacetExpectation ([Id], [CohortId],  [FacetId], [ExpectationId]) VALUES ('450141bb-7aea-4a8b-9a53-6fbcabe71846', '4702fd60-3c68-4b73-998f-1b779449c89e', 'd74908fd-3faa-4c26-af5d-88f68080c30e', 'c0a4104b-3ce9-4e85-a84a-09de19bbb890');
INSERT INTO dbo.CohortFacetExpectation ([Id], [CohortId],  [FacetId], [ExpectationId]) VALUES ('3cdd955f-1b8b-41ae-a5e8-180ff2513022', '966a4f33-c515-414d-b7dc-9606040697ca', 'd74908fd-3faa-4c26-af5d-88f68080c30e', 'c0a4104b-3ce9-4e85-a84a-09de19bbb890');
INSERT INTO dbo.CohortFacetExpectation ([Id], [CohortId],  [FacetId], [ExpectationId]) VALUES ('e0f9cf87-d150-44e2-b2d3-f489ace7be84', '32ff7205-fe59-4ce6-8eb7-017d7e84f7c0', 'd74908fd-3faa-4c26-af5d-88f68080c30e', 'c0a4104b-3ce9-4e85-a84a-09de19bbb890');
INSERT INTO dbo.CohortFacetExpectation ([Id], [CohortId],  [FacetId], [ExpectationId]) VALUES ('0d4f2b86-8a16-4296-aecd-a390a6686ca9', 'e575e2ba-2dde-45c5-b1bc-081a407ae49c', 'd74908fd-3faa-4c26-af5d-88f68080c30e', '62f1eab2-529c-4117-bd3e-944496194174');
INSERT INTO dbo.CohortFacetExpectation ([Id], [CohortId],  [FacetId], [ExpectationId]) VALUES ('8692a064-0ead-4b78-aa5b-882978e9e076', 'bc4a9889-f73f-4554-957d-cede1e601a05', 'd74908fd-3faa-4c26-af5d-88f68080c30e', '62f1eab2-529c-4117-bd3e-944496194174');
INSERT INTO dbo.CohortFacetExpectation ([Id], [CohortId],  [FacetId], [ExpectationId]) VALUES ('2b4a48df-fae0-4abd-80e7-feef3377da7b', 'd47904dc-b77c-4143-9a0e-a006d8b881f5', 'd74908fd-3faa-4c26-af5d-88f68080c30e', '62f1eab2-529c-4117-bd3e-944496194174');
INSERT INTO dbo.CohortFacetExpectation ([Id], [CohortId],  [FacetId], [ExpectationId]) VALUES ('d236871a-5a0e-4772-bd59-9c239ffbe6ca', '591211ee-689f-46e9-917c-8f9a04eb7546', 'd74908fd-3faa-4c26-af5d-88f68080c30e', 'acd13059-451e-4454-8e02-fe591e9e3494');
INSERT INTO dbo.CohortFacetExpectation ([Id], [CohortId],  [FacetId], [ExpectationId]) VALUES ('30fe054b-dddc-4318-bbcc-c422f77d72af', '732a1a53-a6dc-49be-a18c-a1671de58f6d', 'd74908fd-3faa-4c26-af5d-88f68080c30e', 'acd13059-451e-4454-8e02-fe591e9e3494');
INSERT INTO dbo.CohortFacetExpectation ([Id], [CohortId],  [FacetId], [ExpectationId]) VALUES ('7d477533-dfdc-42c7-9b51-56352971e620', '66237380-cd06-4cae-848e-fc14638047b8', 'd74908fd-3faa-4c26-af5d-88f68080c30e', 'acd13059-451e-4454-8e02-fe591e9e3494');
INSERT INTO dbo.CohortFacetExpectation ([Id], [CohortId],  [FacetId], [ExpectationId]) VALUES ('ee8ed945-bc8f-49d7-a565-88752376c889', 'acdb76f6-fefb-4c4e-b8af-5eb79f1cbf98', 'd74908fd-3faa-4c26-af5d-88f68080c30e', 'f07518b4-9806-4a2b-ba53-5fc512a0e2b3');
INSERT INTO dbo.CohortFacetExpectation ([Id], [CohortId],  [FacetId], [ExpectationId]) VALUES ('991c3332-bd7d-47bd-992e-21ace016e2c5', '0d8ac0ab-ca46-4f07-8baa-2c0e1798cdcc', 'd74908fd-3faa-4c26-af5d-88f68080c30e', 'f07518b4-9806-4a2b-ba53-5fc512a0e2b3');
INSERT INTO dbo.CohortFacetExpectation ([Id], [CohortId],  [FacetId], [ExpectationId]) VALUES ('73f8ad0b-cf6b-4141-a61c-53ead5848fcd', '9d3d1201-eca6-424e-942b-82e48d2476c0', 'd74908fd-3faa-4c26-af5d-88f68080c30e', '35ad5800-5191-4eea-8313-34accabce412');
INSERT INTO dbo.CohortFacetExpectation ([Id], [CohortId],  [FacetId], [ExpectationId]) VALUES ('dea5741e-033d-4fa3-803c-697a3e25026d', '9a4f5330-2668-492c-9109-8d752f6081b1', 'd74908fd-3faa-4c26-af5d-88f68080c30e', '35ad5800-5191-4eea-8313-34accabce412');
INSERT INTO dbo.CohortFacetExpectation ([Id], [CohortId],  [FacetId], [ExpectationId]) VALUES ('d5d5d0ce-f3d1-4045-bed3-904f7c0280a9', 'f2a8dc4e-525b-4479-b83e-44a7139b4a58', 'd74908fd-3faa-4c26-af5d-88f68080c30e', '7bd99c2b-f775-41e5-82cd-7e908ae25715');
INSERT INTO dbo.CohortFacetExpectation ([Id], [CohortId],  [FacetId], [ExpectationId]) VALUES ('9292f1e8-b5d0-4278-9683-4da4b450b400', '4702fd60-3c68-4b73-998f-1b779449c89e', 'd74908fd-3faa-4c26-af5d-88f68080c30e', '7bd99c2b-f775-41e5-82cd-7e908ae25715');
INSERT INTO dbo.CohortFacetExpectation ([Id], [CohortId],  [FacetId], [ExpectationId]) VALUES ('21b93fce-5e37-4c02-a155-450e9f6bf3fe', '966a4f33-c515-414d-b7dc-9606040697ca', 'd74908fd-3faa-4c26-af5d-88f68080c30e', '375a0e0a-7971-40d8-99e2-e50dd4d88e5b');
INSERT INTO dbo.CohortFacetExpectation ([Id], [CohortId],  [FacetId], [ExpectationId]) VALUES ('2b8543d3-2c6b-486b-b86f-ea7a06d60a0f', '32ff7205-fe59-4ce6-8eb7-017d7e84f7c0', 'd74908fd-3faa-4c26-af5d-88f68080c30e', '375a0e0a-7971-40d8-99e2-e50dd4d88e5b');
INSERT INTO dbo.CohortFacetExpectation ([Id], [CohortId],  [FacetId], [ExpectationId]) VALUES ('d68d0935-b312-4fb3-a327-410fe50c56f8', 'e575e2ba-2dde-45c5-b1bc-081a407ae49c', 'd74908fd-3faa-4c26-af5d-88f68080c30e', '375a0e0a-7971-40d8-99e2-e50dd4d88e5b');
INSERT INTO dbo.CohortFacetExpectation ([Id], [CohortId],  [FacetId], [ExpectationId]) VALUES ('3886ed86-dcd7-4bc0-9e3e-5c3573e7c1dd', 'bc4a9889-f73f-4554-957d-cede1e601a05', 'd74908fd-3faa-4c26-af5d-88f68080c30e', '036f5b87-900f-49ff-b6cc-1a3b82014511');
INSERT INTO dbo.CohortFacetExpectation ([Id], [CohortId],  [FacetId], [ExpectationId]) VALUES ('98affba7-8232-4540-8737-f815bdb77c00', 'd47904dc-b77c-4143-9a0e-a006d8b881f5', 'd74908fd-3faa-4c26-af5d-88f68080c30e', '503f9247-1289-448a-af71-f685f476be0d');
INSERT INTO dbo.CohortFacetExpectation ([Id], [CohortId],  [FacetId], [ExpectationId]) VALUES ('c0a0871e-e895-48ec-a5ef-3deaa06553a8', '591211ee-689f-46e9-917c-8f9a04eb7546', 'bb774f06-bfc5-42d9-bb0f-224672ac6e9e', '8660ac7c-bfbb-42d4-a593-509320d1a3ab');
INSERT INTO dbo.CohortFacetExpectation ([Id], [CohortId],  [FacetId], [ExpectationId]) VALUES ('d3b497ce-5c39-4a96-9f1d-b081d9f21ed5', '732a1a53-a6dc-49be-a18c-a1671de58f6d', 'bb774f06-bfc5-42d9-bb0f-224672ac6e9e', '8660ac7c-bfbb-42d4-a593-509320d1a3ab');
INSERT INTO dbo.CohortFacetExpectation ([Id], [CohortId],  [FacetId], [ExpectationId]) VALUES ('1109dba4-2912-443e-9ee7-1ae822edfc03', '66237380-cd06-4cae-848e-fc14638047b8', 'bb774f06-bfc5-42d9-bb0f-224672ac6e9e', '8660ac7c-bfbb-42d4-a593-509320d1a3ab');
INSERT INTO dbo.CohortFacetExpectation ([Id], [CohortId],  [FacetId], [ExpectationId]) VALUES ('93736609-2052-4429-8c53-7fde980500e3', 'acdb76f6-fefb-4c4e-b8af-5eb79f1cbf98', 'bb774f06-bfc5-42d9-bb0f-224672ac6e9e', '1de50db1-ed02-4e0c-a36c-3feb0e0c2b84');
INSERT INTO dbo.CohortFacetExpectation ([Id], [CohortId],  [FacetId], [ExpectationId]) VALUES ('afaa93f4-cc68-4ede-beda-595aa73a5f1f', '0d8ac0ab-ca46-4f07-8baa-2c0e1798cdcc', 'bb774f06-bfc5-42d9-bb0f-224672ac6e9e', '1de50db1-ed02-4e0c-a36c-3feb0e0c2b84');
INSERT INTO dbo.CohortFacetExpectation ([Id], [CohortId],  [FacetId], [ExpectationId]) VALUES ('ee88af51-05b9-4911-8336-d7efd651c318', '9d3d1201-eca6-424e-942b-82e48d2476c0', 'bb774f06-bfc5-42d9-bb0f-224672ac6e9e', 'a4a3d47f-7f7c-424e-b1bc-29515329fa0f');
INSERT INTO dbo.CohortFacetExpectation ([Id], [CohortId],  [FacetId], [ExpectationId]) VALUES ('79f5a0f6-b03d-4c0d-bca4-6010981bac46', '9a4f5330-2668-492c-9109-8d752f6081b1', 'bb774f06-bfc5-42d9-bb0f-224672ac6e9e', 'a4a3d47f-7f7c-424e-b1bc-29515329fa0f');
INSERT INTO dbo.CohortFacetExpectation ([Id], [CohortId],  [FacetId], [ExpectationId]) VALUES ('4dba6bee-a1ee-41ed-9977-c130ad157301', 'f2a8dc4e-525b-4479-b83e-44a7139b4a58', 'bb774f06-bfc5-42d9-bb0f-224672ac6e9e', 'a4a3d47f-7f7c-424e-b1bc-29515329fa0f');
INSERT INTO dbo.CohortFacetExpectation ([Id], [CohortId],  [FacetId], [ExpectationId]) VALUES ('5b9ee4bf-2655-4690-8c58-1ee21f84d599', '4702fd60-3c68-4b73-998f-1b779449c89e', 'bb774f06-bfc5-42d9-bb0f-224672ac6e9e', 'f528dbce-66fd-4291-801d-3b9e0391a31d');
INSERT INTO dbo.CohortFacetExpectation ([Id], [CohortId],  [FacetId], [ExpectationId]) VALUES ('40e8f763-e119-456d-acd9-f1523d052e60', '966a4f33-c515-414d-b7dc-9606040697ca', 'bb774f06-bfc5-42d9-bb0f-224672ac6e9e', 'f528dbce-66fd-4291-801d-3b9e0391a31d');
INSERT INTO dbo.CohortFacetExpectation ([Id], [CohortId],  [FacetId], [ExpectationId]) VALUES ('5342fb20-ed6e-4f65-8d5e-25ec91e640d1', '32ff7205-fe59-4ce6-8eb7-017d7e84f7c0', 'bb774f06-bfc5-42d9-bb0f-224672ac6e9e', 'f528dbce-66fd-4291-801d-3b9e0391a31d');
INSERT INTO dbo.CohortFacetExpectation ([Id], [CohortId],  [FacetId], [ExpectationId]) VALUES ('7121bcc5-f025-4395-94b5-351590cce568', 'e575e2ba-2dde-45c5-b1bc-081a407ae49c', 'bb774f06-bfc5-42d9-bb0f-224672ac6e9e', '450906e4-0741-4896-8cd9-adc4c2e7351e');
INSERT INTO dbo.CohortFacetExpectation ([Id], [CohortId],  [FacetId], [ExpectationId]) VALUES ('89198f07-fbab-4ad0-ab93-fd61aca06a3d', 'bc4a9889-f73f-4554-957d-cede1e601a05', 'bb774f06-bfc5-42d9-bb0f-224672ac6e9e', 'a4b6b81a-7279-4959-a066-5875acb86b8f');
INSERT INTO dbo.CohortFacetExpectation ([Id], [CohortId],  [FacetId], [ExpectationId]) VALUES ('fa9189f2-043d-4450-9aeb-ecfdcc4c241a', 'd47904dc-b77c-4143-9a0e-a006d8b881f5', 'bb774f06-bfc5-42d9-bb0f-224672ac6e9e', 'a4b6b81a-7279-4959-a066-5875acb86b8f');
INSERT INTO dbo.CohortFacetExpectation ([Id], [CohortId],  [FacetId], [ExpectationId]) VALUES ('84df484c-aab8-4938-abfc-9fffc4b2dfeb', '591211ee-689f-46e9-917c-8f9a04eb7546', 'bb774f06-bfc5-42d9-bb0f-224672ac6e9e', '7eb6e3ab-a26c-42dd-a17f-85c0694aba0e');
INSERT INTO dbo.CohortFacetExpectation ([Id], [CohortId],  [FacetId], [ExpectationId]) VALUES ('27ed8894-bcf7-4b05-8ddb-4a79a512ee5f', '732a1a53-a6dc-49be-a18c-a1671de58f6d', 'bb774f06-bfc5-42d9-bb0f-224672ac6e9e', 'a1f9008f-0e3d-4341-bc54-b4a3b04e4677');
INSERT INTO dbo.CohortFacetExpectation ([Id], [CohortId],  [FacetId], [ExpectationId]) VALUES ('0cd433c4-675d-440c-8437-9382a8111a2f', '66237380-cd06-4cae-848e-fc14638047b8', 'bb774f06-bfc5-42d9-bb0f-224672ac6e9e', '1bcf2cec-4c1f-4ad7-aa3e-90d67a19f858');
INSERT INTO dbo.CohortFacetExpectation ([Id], [CohortId],  [FacetId], [ExpectationId]) VALUES ('ef5f928f-4d3d-416e-a66b-60c7bab466a6', 'acdb76f6-fefb-4c4e-b8af-5eb79f1cbf98', 'bb774f06-bfc5-42d9-bb0f-224672ac6e9e', '1bcf2cec-4c1f-4ad7-aa3e-90d67a19f858');
INSERT INTO dbo.CohortFacetExpectation ([Id], [CohortId],  [FacetId], [ExpectationId]) VALUES ('48dbb144-8db0-4c15-849c-31dc602b914e', '0d8ac0ab-ca46-4f07-8baa-2c0e1798cdcc', 'bb774f06-bfc5-42d9-bb0f-224672ac6e9e', '1bcf2cec-4c1f-4ad7-aa3e-90d67a19f858');
INSERT INTO dbo.CohortFacetExpectation ([Id], [CohortId],  [FacetId], [ExpectationId]) VALUES ('eabe410e-0f52-4943-a444-eafe338c12f9', '9d3d1201-eca6-424e-942b-82e48d2476c0', 'bb774f06-bfc5-42d9-bb0f-224672ac6e9e', '1bcf2cec-4c1f-4ad7-aa3e-90d67a19f858');
INSERT INTO dbo.CohortFacetExpectation ([Id], [CohortId],  [FacetId], [ExpectationId]) VALUES ('b6effb16-2f7e-4b6c-b1e6-87f02329ca67', '9a4f5330-2668-492c-9109-8d752f6081b1', 'bb774f06-bfc5-42d9-bb0f-224672ac6e9e', '7ce446f4-5b4c-4a4a-ba57-61c0c9c401cc');
INSERT INTO dbo.CohortFacetExpectation ([Id], [CohortId],  [FacetId], [ExpectationId]) VALUES ('aba915e5-1d38-43c0-b49c-9d655d3bb392', 'f2a8dc4e-525b-4479-b83e-44a7139b4a58', 'bb774f06-bfc5-42d9-bb0f-224672ac6e9e', '7ce446f4-5b4c-4a4a-ba57-61c0c9c401cc');
INSERT INTO dbo.CohortFacetExpectation ([Id], [CohortId],  [FacetId], [ExpectationId]) VALUES ('c5fdcf38-dc69-49aa-9204-591e987df941', '4702fd60-3c68-4b73-998f-1b779449c89e', 'bb774f06-bfc5-42d9-bb0f-224672ac6e9e', 'dac3e66a-c5c0-4443-8f90-4d608bd9ef61');
INSERT INTO dbo.CohortFacetExpectation ([Id], [CohortId],  [FacetId], [ExpectationId]) VALUES ('4a7e131d-927f-4896-918f-ff06e223f62e', '966a4f33-c515-414d-b7dc-9606040697ca', 'bb774f06-bfc5-42d9-bb0f-224672ac6e9e', 'ee38ba8d-a4b1-4473-b63d-18b8c2510315');
INSERT INTO dbo.CohortFacetExpectation ([Id], [CohortId],  [FacetId], [ExpectationId]) VALUES ('bee091b6-36c7-424a-b23a-462282c1c253', '32ff7205-fe59-4ce6-8eb7-017d7e84f7c0', 'bb774f06-bfc5-42d9-bb0f-224672ac6e9e', '68322228-78f9-4dfd-8765-bf675197d030');
INSERT INTO dbo.CohortFacetExpectation ([Id], [CohortId],  [FacetId], [ExpectationId]) VALUES ('8f7dd64c-63b6-41cc-ac9b-d731f2dda42d', 'e575e2ba-2dde-45c5-b1bc-081a407ae49c', 'bb774f06-bfc5-42d9-bb0f-224672ac6e9e', 'd42bc49a-b2f4-4b05-8642-38a015a4f231');
INSERT INTO dbo.CohortFacetExpectation ([Id], [CohortId],  [FacetId], [ExpectationId]) VALUES ('382072e4-2cb2-492a-b801-152fc09cea3b', 'bc4a9889-f73f-4554-957d-cede1e601a05', 'bb774f06-bfc5-42d9-bb0f-224672ac6e9e', 'd42bc49a-b2f4-4b05-8642-38a015a4f231');
INSERT INTO dbo.CohortFacetExpectation ([Id], [CohortId],  [FacetId], [ExpectationId]) VALUES ('e2fc7f4a-aada-419c-8301-c85dc59d8b41', 'd47904dc-b77c-4143-9a0e-a006d8b881f5', 'bb774f06-bfc5-42d9-bb0f-224672ac6e9e', 'd42bc49a-b2f4-4b05-8642-38a015a4f231');
INSERT INTO dbo.CohortFacetExpectation ([Id], [CohortId],  [FacetId], [ExpectationId]) VALUES ('70109ca7-c00b-4a69-8e42-0ab7ef74ae46', '591211ee-689f-46e9-917c-8f9a04eb7546', '921f2a9c-d09c-44b3-ac4b-472be4a30f24', '29be6ed5-332b-4094-9b58-0f22f31b1328');
INSERT INTO dbo.CohortFacetExpectation ([Id], [CohortId],  [FacetId], [ExpectationId]) VALUES ('203f8c4d-83d1-4969-84ec-ffe1278459e9', '732a1a53-a6dc-49be-a18c-a1671de58f6d', '921f2a9c-d09c-44b3-ac4b-472be4a30f24', '29be6ed5-332b-4094-9b58-0f22f31b1328');
INSERT INTO dbo.CohortFacetExpectation ([Id], [CohortId],  [FacetId], [ExpectationId]) VALUES ('f8ff07a3-4a4b-48d2-b38c-81d5d4725f1f', '66237380-cd06-4cae-848e-fc14638047b8', '921f2a9c-d09c-44b3-ac4b-472be4a30f24', '29be6ed5-332b-4094-9b58-0f22f31b1328');
INSERT INTO dbo.CohortFacetExpectation ([Id], [CohortId],  [FacetId], [ExpectationId]) VALUES ('849a197f-f265-4b84-a836-6a23caa4eb6a', 'acdb76f6-fefb-4c4e-b8af-5eb79f1cbf98', '921f2a9c-d09c-44b3-ac4b-472be4a30f24', '29be6ed5-332b-4094-9b58-0f22f31b1328');
INSERT INTO dbo.CohortFacetExpectation ([Id], [CohortId],  [FacetId], [ExpectationId]) VALUES ('54cb790c-5128-4310-96bf-dc444a40301d', '0d8ac0ab-ca46-4f07-8baa-2c0e1798cdcc', '921f2a9c-d09c-44b3-ac4b-472be4a30f24', '4505175b-4a4b-4de8-bb6c-5489329c2a7d');
INSERT INTO dbo.CohortFacetExpectation ([Id], [CohortId],  [FacetId], [ExpectationId]) VALUES ('896ed813-cfc2-477f-a247-a115aeac71f9', '9d3d1201-eca6-424e-942b-82e48d2476c0', '921f2a9c-d09c-44b3-ac4b-472be4a30f24', 'c578b02e-264c-40ac-a863-165e85a99590');
INSERT INTO dbo.CohortFacetExpectation ([Id], [CohortId],  [FacetId], [ExpectationId]) VALUES ('f39d4288-df44-401e-8f63-fc5133e69779', '9a4f5330-2668-492c-9109-8d752f6081b1', '921f2a9c-d09c-44b3-ac4b-472be4a30f24', 'c578b02e-264c-40ac-a863-165e85a99590');
INSERT INTO dbo.CohortFacetExpectation ([Id], [CohortId],  [FacetId], [ExpectationId]) VALUES ('4698b6ca-6255-4aaa-852c-f07e328a5d50', 'f2a8dc4e-525b-4479-b83e-44a7139b4a58', '921f2a9c-d09c-44b3-ac4b-472be4a30f24', 'f89a3cf9-04a2-45eb-b738-b76d6d7617da');
INSERT INTO dbo.CohortFacetExpectation ([Id], [CohortId],  [FacetId], [ExpectationId]) VALUES ('a9e9f2bc-31e8-49fc-8a91-02b273124acc', '4702fd60-3c68-4b73-998f-1b779449c89e', '921f2a9c-d09c-44b3-ac4b-472be4a30f24', 'dc0513c1-d26e-409d-9037-a9d6811a9b55');
INSERT INTO dbo.CohortFacetExpectation ([Id], [CohortId],  [FacetId], [ExpectationId]) VALUES ('e0398bcb-1226-4318-8150-b9a53f8704e5', '966a4f33-c515-414d-b7dc-9606040697ca', '921f2a9c-d09c-44b3-ac4b-472be4a30f24', '7c1937d5-d9a6-4199-bbcf-0f0ba53c8388');
INSERT INTO dbo.CohortFacetExpectation ([Id], [CohortId],  [FacetId], [ExpectationId]) VALUES ('6c3b987b-8acc-4773-9a85-b48757964b54', '32ff7205-fe59-4ce6-8eb7-017d7e84f7c0', '921f2a9c-d09c-44b3-ac4b-472be4a30f24', '7c1937d5-d9a6-4199-bbcf-0f0ba53c8388');
INSERT INTO dbo.CohortFacetExpectation ([Id], [CohortId],  [FacetId], [ExpectationId]) VALUES ('1e700649-e992-4175-bc0a-3948b58359b2', 'e575e2ba-2dde-45c5-b1bc-081a407ae49c', '921f2a9c-d09c-44b3-ac4b-472be4a30f24', '7c1937d5-d9a6-4199-bbcf-0f0ba53c8388');
INSERT INTO dbo.CohortFacetExpectation ([Id], [CohortId],  [FacetId], [ExpectationId]) VALUES ('d1c84ebd-690c-4c4d-ac39-6c4adf399623', 'bc4a9889-f73f-4554-957d-cede1e601a05', '921f2a9c-d09c-44b3-ac4b-472be4a30f24', 'e3327aef-8246-4e58-b156-89c19f3e9c50');
INSERT INTO dbo.CohortFacetExpectation ([Id], [CohortId],  [FacetId], [ExpectationId]) VALUES ('c5ff3955-b7d3-4146-bd45-e425a9ed0f86', 'd47904dc-b77c-4143-9a0e-a006d8b881f5', '921f2a9c-d09c-44b3-ac4b-472be4a30f24', 'da6e18c8-5414-468e-a885-bad2d085bc99');
INSERT INTO dbo.CohortFacetExpectation ([Id], [CohortId],  [FacetId], [ExpectationId]) VALUES ('0cb3193c-1a58-4167-8313-580719a54761', '591211ee-689f-46e9-917c-8f9a04eb7546', '180d215b-d4aa-4529-a58d-e81d1db29a57', '0da02200-aee9-4d7e-a245-7b42bc7ef90e');
INSERT INTO dbo.CohortFacetExpectation ([Id], [CohortId],  [FacetId], [ExpectationId]) VALUES ('3ee50a2a-23b2-4246-8e69-08f831fa7aff', '732a1a53-a6dc-49be-a18c-a1671de58f6d', '180d215b-d4aa-4529-a58d-e81d1db29a57', '0da02200-aee9-4d7e-a245-7b42bc7ef90e');
INSERT INTO dbo.CohortFacetExpectation ([Id], [CohortId],  [FacetId], [ExpectationId]) VALUES ('487b6593-ed3d-44b7-91c0-63512a217203', '66237380-cd06-4cae-848e-fc14638047b8', '180d215b-d4aa-4529-a58d-e81d1db29a57', '0da02200-aee9-4d7e-a245-7b42bc7ef90e');
INSERT INTO dbo.CohortFacetExpectation ([Id], [CohortId],  [FacetId], [ExpectationId]) VALUES ('f661894f-2fe7-483f-b162-c35e13140ca1', 'acdb76f6-fefb-4c4e-b8af-5eb79f1cbf98', '180d215b-d4aa-4529-a58d-e81d1db29a57', '0da02200-aee9-4d7e-a245-7b42bc7ef90e');
INSERT INTO dbo.CohortFacetExpectation ([Id], [CohortId],  [FacetId], [ExpectationId]) VALUES ('15f2b02a-b1ff-4d58-9443-e78c3ce953f1', '0d8ac0ab-ca46-4f07-8baa-2c0e1798cdcc', '180d215b-d4aa-4529-a58d-e81d1db29a57', '0da02200-aee9-4d7e-a245-7b42bc7ef90e');
INSERT INTO dbo.CohortFacetExpectation ([Id], [CohortId],  [FacetId], [ExpectationId]) VALUES ('eb9c14e4-ccc3-4e4b-99bd-bd4a978a2d56', '9d3d1201-eca6-424e-942b-82e48d2476c0', '180d215b-d4aa-4529-a58d-e81d1db29a57', '7c435f97-4d94-4122-ba5d-67e67ca204f7');
INSERT INTO dbo.CohortFacetExpectation ([Id], [CohortId],  [FacetId], [ExpectationId]) VALUES ('b8b956a8-9145-45fb-9cd5-bc4c104d64e5', '9a4f5330-2668-492c-9109-8d752f6081b1', '180d215b-d4aa-4529-a58d-e81d1db29a57', '7c435f97-4d94-4122-ba5d-67e67ca204f7');
INSERT INTO dbo.CohortFacetExpectation ([Id], [CohortId],  [FacetId], [ExpectationId]) VALUES ('14a234d4-ec61-4414-9009-1396bfd747d4', 'f2a8dc4e-525b-4479-b83e-44a7139b4a58', '180d215b-d4aa-4529-a58d-e81d1db29a57', '0d5c282d-950f-4e2e-a403-5c85f75fde02');
INSERT INTO dbo.CohortFacetExpectation ([Id], [CohortId],  [FacetId], [ExpectationId]) VALUES ('809413c7-a1b9-42f2-bc38-e34950256f0d', '4702fd60-3c68-4b73-998f-1b779449c89e', '180d215b-d4aa-4529-a58d-e81d1db29a57', '0d5c282d-950f-4e2e-a403-5c85f75fde02');
INSERT INTO dbo.CohortFacetExpectation ([Id], [CohortId],  [FacetId], [ExpectationId]) VALUES ('17326cdf-e537-4023-8f56-90521ac7f365', '966a4f33-c515-414d-b7dc-9606040697ca', '180d215b-d4aa-4529-a58d-e81d1db29a57', '0d5c282d-950f-4e2e-a403-5c85f75fde02');
INSERT INTO dbo.CohortFacetExpectation ([Id], [CohortId],  [FacetId], [ExpectationId]) VALUES ('7357ddd0-6741-4aba-93e9-3a787a034a78', '32ff7205-fe59-4ce6-8eb7-017d7e84f7c0', '180d215b-d4aa-4529-a58d-e81d1db29a57', 'c2f4ae6f-aba0-4fa2-9127-3016709f6ed8');
INSERT INTO dbo.CohortFacetExpectation ([Id], [CohortId],  [FacetId], [ExpectationId]) VALUES ('1033ef54-8d4f-4e36-b0da-53cad2d6e968', 'e575e2ba-2dde-45c5-b1bc-081a407ae49c', '180d215b-d4aa-4529-a58d-e81d1db29a57', '91effe45-714b-4522-9ed2-1170cc86d4bc');
INSERT INTO dbo.CohortFacetExpectation ([Id], [CohortId],  [FacetId], [ExpectationId]) VALUES ('c061a21c-4599-41cd-9b32-6d7db1f4b5b9', 'bc4a9889-f73f-4554-957d-cede1e601a05', '180d215b-d4aa-4529-a58d-e81d1db29a57', 'c733e0d2-8b4c-499a-909a-585bbe712f7a');
INSERT INTO dbo.CohortFacetExpectation ([Id], [CohortId],  [FacetId], [ExpectationId]) VALUES ('33b60a6a-e734-4977-bec8-cdb41920f0e6', 'd47904dc-b77c-4143-9a0e-a006d8b881f5', '180d215b-d4aa-4529-a58d-e81d1db29a57', '00ffde5c-63c8-406d-9a02-184ab96a906f');
INSERT INTO dbo.CohortFacetExpectation ([Id], [CohortId],  [FacetId], [ExpectationId]) VALUES ('0ceefbe8-1c29-4d5f-97ad-2e05b4f2cca8', '591211ee-689f-46e9-917c-8f9a04eb7546', '180d215b-d4aa-4529-a58d-e81d1db29a57', '8b59d5fd-7f4e-420e-92be-c54c94ee0001');
INSERT INTO dbo.CohortFacetExpectation ([Id], [CohortId],  [FacetId], [ExpectationId]) VALUES ('6fab9bb8-66a3-4e4b-a262-2911224d22d8', '732a1a53-a6dc-49be-a18c-a1671de58f6d', '180d215b-d4aa-4529-a58d-e81d1db29a57', '8b59d5fd-7f4e-420e-92be-c54c94ee0001');
INSERT INTO dbo.CohortFacetExpectation ([Id], [CohortId],  [FacetId], [ExpectationId]) VALUES ('64252cba-247d-4126-8e00-f458ee550df8', '66237380-cd06-4cae-848e-fc14638047b8', '180d215b-d4aa-4529-a58d-e81d1db29a57', '8b59d5fd-7f4e-420e-92be-c54c94ee0001');
INSERT INTO dbo.CohortFacetExpectation ([Id], [CohortId],  [FacetId], [ExpectationId]) VALUES ('0e9e3d59-4be7-4125-a56c-c2b6f6ea9da0', 'acdb76f6-fefb-4c4e-b8af-5eb79f1cbf98', '180d215b-d4aa-4529-a58d-e81d1db29a57', '8b59d5fd-7f4e-420e-92be-c54c94ee0001');
INSERT INTO dbo.CohortFacetExpectation ([Id], [CohortId],  [FacetId], [ExpectationId]) VALUES ('78e28850-f3ac-4d8b-a28a-0f0ff7c4a1f8', '0d8ac0ab-ca46-4f07-8baa-2c0e1798cdcc', '180d215b-d4aa-4529-a58d-e81d1db29a57', '8b59d5fd-7f4e-420e-92be-c54c94ee0001');
INSERT INTO dbo.CohortFacetExpectation ([Id], [CohortId],  [FacetId], [ExpectationId]) VALUES ('b9973d13-f3a7-472c-aa95-a97f7246ffc0', '9d3d1201-eca6-424e-942b-82e48d2476c0', '180d215b-d4aa-4529-a58d-e81d1db29a57', '8b59d5fd-7f4e-420e-92be-c54c94ee0001');
INSERT INTO dbo.CohortFacetExpectation ([Id], [CohortId],  [FacetId], [ExpectationId]) VALUES ('e3554b72-b84e-4d63-be32-4d60d40eb2ba', '9a4f5330-2668-492c-9109-8d752f6081b1', '180d215b-d4aa-4529-a58d-e81d1db29a57', '8b59d5fd-7f4e-420e-92be-c54c94ee0001');
INSERT INTO dbo.CohortFacetExpectation ([Id], [CohortId],  [FacetId], [ExpectationId]) VALUES ('9d4bd59b-a2a9-43a7-bf00-0821e38b507b', 'f2a8dc4e-525b-4479-b83e-44a7139b4a58', '180d215b-d4aa-4529-a58d-e81d1db29a57', '8b59d5fd-7f4e-420e-92be-c54c94ee0001');
INSERT INTO dbo.CohortFacetExpectation ([Id], [CohortId],  [FacetId], [ExpectationId]) VALUES ('aa586352-7033-4f2b-8520-21bb536ed38c', '4702fd60-3c68-4b73-998f-1b779449c89e', '180d215b-d4aa-4529-a58d-e81d1db29a57', '8b59d5fd-7f4e-420e-92be-c54c94ee0001');
INSERT INTO dbo.CohortFacetExpectation ([Id], [CohortId],  [FacetId], [ExpectationId]) VALUES ('751e5d4f-fe09-445f-917d-cb406fd3704a', '966a4f33-c515-414d-b7dc-9606040697ca', '180d215b-d4aa-4529-a58d-e81d1db29a57', '804cf300-b3db-4b78-b09f-14b43fa40527');
INSERT INTO dbo.CohortFacetExpectation ([Id], [CohortId],  [FacetId], [ExpectationId]) VALUES ('0c6739c3-b8b1-4e0b-aa22-785ba76eb1f7', '32ff7205-fe59-4ce6-8eb7-017d7e84f7c0', '180d215b-d4aa-4529-a58d-e81d1db29a57', '804cf300-b3db-4b78-b09f-14b43fa40527');
INSERT INTO dbo.CohortFacetExpectation ([Id], [CohortId],  [FacetId], [ExpectationId]) VALUES ('7f419f2a-031d-4edc-a8df-78442c810ecd', 'e575e2ba-2dde-45c5-b1bc-081a407ae49c', '180d215b-d4aa-4529-a58d-e81d1db29a57', '804cf300-b3db-4b78-b09f-14b43fa40527');
INSERT INTO dbo.CohortFacetExpectation ([Id], [CohortId],  [FacetId], [ExpectationId]) VALUES ('11515950-65fc-461c-bcc3-cbce300b5839', 'bc4a9889-f73f-4554-957d-cede1e601a05', '180d215b-d4aa-4529-a58d-e81d1db29a57', 'd17574c3-6a1a-4386-8cc4-739ca6ae53b7');
INSERT INTO dbo.CohortFacetExpectation ([Id], [CohortId],  [FacetId], [ExpectationId]) VALUES ('befba7c2-4445-41b3-94db-c513c838632a', 'd47904dc-b77c-4143-9a0e-a006d8b881f5', '180d215b-d4aa-4529-a58d-e81d1db29a57', 'd2b88ed2-4c19-4906-8e34-ad23105d1a42');
INSERT INTO dbo.CohortFacetExpectation ([Id], [CohortId],  [FacetId], [ExpectationId]) VALUES ('665bc730-eef2-42fe-a4c2-17cb72f25815', '591211ee-689f-46e9-917c-8f9a04eb7546', 'e108fa0f-6915-482b-9c29-8750ae798aec', '9f2b64da-16a1-4c09-be00-9b697912957a');
INSERT INTO dbo.CohortFacetExpectation ([Id], [CohortId],  [FacetId], [ExpectationId]) VALUES ('a13e9512-d94b-4818-9e41-cb53b3e5a852', '732a1a53-a6dc-49be-a18c-a1671de58f6d', 'e108fa0f-6915-482b-9c29-8750ae798aec', '9f2b64da-16a1-4c09-be00-9b697912957a');
INSERT INTO dbo.CohortFacetExpectation ([Id], [CohortId],  [FacetId], [ExpectationId]) VALUES ('ed39dcf4-a032-4d9c-8b4d-5dc3bb736c33', '66237380-cd06-4cae-848e-fc14638047b8', 'e108fa0f-6915-482b-9c29-8750ae798aec', '9f2b64da-16a1-4c09-be00-9b697912957a');
INSERT INTO dbo.CohortFacetExpectation ([Id], [CohortId],  [FacetId], [ExpectationId]) VALUES ('befb813b-7207-4bd0-a70d-070f57376425', 'acdb76f6-fefb-4c4e-b8af-5eb79f1cbf98', 'e108fa0f-6915-482b-9c29-8750ae798aec', '9f2b64da-16a1-4c09-be00-9b697912957a');
INSERT INTO dbo.CohortFacetExpectation ([Id], [CohortId],  [FacetId], [ExpectationId]) VALUES ('156f6810-6020-4e61-b2d3-8c9885a1be71', '0d8ac0ab-ca46-4f07-8baa-2c0e1798cdcc', 'e108fa0f-6915-482b-9c29-8750ae798aec', '5643092c-8fc4-47d2-9eea-dc00c02825ed');
INSERT INTO dbo.CohortFacetExpectation ([Id], [CohortId],  [FacetId], [ExpectationId]) VALUES ('0cba4aa7-e4b0-4dee-a11e-6a7fa95853d3', '9d3d1201-eca6-424e-942b-82e48d2476c0', 'e108fa0f-6915-482b-9c29-8750ae798aec', '5643092c-8fc4-47d2-9eea-dc00c02825ed');
INSERT INTO dbo.CohortFacetExpectation ([Id], [CohortId],  [FacetId], [ExpectationId]) VALUES ('330a6993-e444-4fed-b29c-8b51e1c96630', '9a4f5330-2668-492c-9109-8d752f6081b1', 'e108fa0f-6915-482b-9c29-8750ae798aec', '5643092c-8fc4-47d2-9eea-dc00c02825ed');
INSERT INTO dbo.CohortFacetExpectation ([Id], [CohortId],  [FacetId], [ExpectationId]) VALUES ('752f69ce-1ad0-4b70-80de-1efbc7768ba1', 'f2a8dc4e-525b-4479-b83e-44a7139b4a58', 'e108fa0f-6915-482b-9c29-8750ae798aec', 'ed7be6f5-7c61-4598-9963-806e1be6b516');
INSERT INTO dbo.CohortFacetExpectation ([Id], [CohortId],  [FacetId], [ExpectationId]) VALUES ('a74a8bb0-88ad-488f-9bf2-6265f83dd4e1', '4702fd60-3c68-4b73-998f-1b779449c89e', 'e108fa0f-6915-482b-9c29-8750ae798aec', '10409333-10a1-4c45-9eff-8918f130dfae');
INSERT INTO dbo.CohortFacetExpectation ([Id], [CohortId],  [FacetId], [ExpectationId]) VALUES ('57bbfd3f-4ae9-4758-ab81-d9d47604bf11', '966a4f33-c515-414d-b7dc-9606040697ca', 'e108fa0f-6915-482b-9c29-8750ae798aec', '10409333-10a1-4c45-9eff-8918f130dfae');
INSERT INTO dbo.CohortFacetExpectation ([Id], [CohortId],  [FacetId], [ExpectationId]) VALUES ('d4691aa5-96e7-4814-b40d-3d2f6ed564c5', '32ff7205-fe59-4ce6-8eb7-017d7e84f7c0', 'e108fa0f-6915-482b-9c29-8750ae798aec', 'b0334cc6-e02a-448c-8066-64960f92db37');
INSERT INTO dbo.CohortFacetExpectation ([Id], [CohortId],  [FacetId], [ExpectationId]) VALUES ('6f04f8c1-6a77-41ed-9812-16725e4d64f6', 'e575e2ba-2dde-45c5-b1bc-081a407ae49c', 'e108fa0f-6915-482b-9c29-8750ae798aec', '615ea0da-a563-4b01-bf6d-01450c09f489');
INSERT INTO dbo.CohortFacetExpectation ([Id], [CohortId],  [FacetId], [ExpectationId]) VALUES ('394023c6-e34e-4ad1-816a-623bb4568838', 'bc4a9889-f73f-4554-957d-cede1e601a05', 'e108fa0f-6915-482b-9c29-8750ae798aec', '03729733-601f-4f94-bfb2-6c60db37438b');
INSERT INTO dbo.CohortFacetExpectation ([Id], [CohortId],  [FacetId], [ExpectationId]) VALUES ('4375690e-af29-4b66-8373-c2855bb1d8bf', 'd47904dc-b77c-4143-9a0e-a006d8b881f5', 'e108fa0f-6915-482b-9c29-8750ae798aec', '51bbe5c7-996b-4357-a193-ff54bbfebfcb');
INSERT INTO dbo.CohortFacetExpectation ([Id], [CohortId],  [FacetId], [ExpectationId]) VALUES ('a7156acc-1906-4a0a-b182-5bc63988e4dc', '591211ee-689f-46e9-917c-8f9a04eb7546', 'cd20ff5a-eab3-41fd-8f57-cb05928be5be', 'f5425d63-39c4-49df-8221-d49a0ddf8f84');
INSERT INTO dbo.CohortFacetExpectation ([Id], [CohortId],  [FacetId], [ExpectationId]) VALUES ('15158c93-d01f-4da6-81d3-e95bd90fa3f6', '732a1a53-a6dc-49be-a18c-a1671de58f6d', 'cd20ff5a-eab3-41fd-8f57-cb05928be5be', 'f5425d63-39c4-49df-8221-d49a0ddf8f84');
INSERT INTO dbo.CohortFacetExpectation ([Id], [CohortId],  [FacetId], [ExpectationId]) VALUES ('a6293ced-1f59-422e-b81e-d33af7fd118b', '66237380-cd06-4cae-848e-fc14638047b8', 'cd20ff5a-eab3-41fd-8f57-cb05928be5be', 'f5425d63-39c4-49df-8221-d49a0ddf8f84');
INSERT INTO dbo.CohortFacetExpectation ([Id], [CohortId],  [FacetId], [ExpectationId]) VALUES ('89ee9f7e-bc47-4c98-89e5-56e224640e68', 'acdb76f6-fefb-4c4e-b8af-5eb79f1cbf98', 'cd20ff5a-eab3-41fd-8f57-cb05928be5be', 'f5425d63-39c4-49df-8221-d49a0ddf8f84');
INSERT INTO dbo.CohortFacetExpectation ([Id], [CohortId],  [FacetId], [ExpectationId]) VALUES ('93f380f9-d4ee-427c-9f9d-6284c937046e', '0d8ac0ab-ca46-4f07-8baa-2c0e1798cdcc', 'cd20ff5a-eab3-41fd-8f57-cb05928be5be', 'b0465f1d-85cf-47b0-ae04-6e4b44785974');
INSERT INTO dbo.CohortFacetExpectation ([Id], [CohortId],  [FacetId], [ExpectationId]) VALUES ('31ddb159-cfeb-4a57-942f-3c9090892eaf', '9d3d1201-eca6-424e-942b-82e48d2476c0', 'cd20ff5a-eab3-41fd-8f57-cb05928be5be', '553a0257-af71-4463-b376-25f2298673c8');
INSERT INTO dbo.CohortFacetExpectation ([Id], [CohortId],  [FacetId], [ExpectationId]) VALUES ('1cac8901-2094-4e04-babf-011f7d50f98a', '9a4f5330-2668-492c-9109-8d752f6081b1', 'cd20ff5a-eab3-41fd-8f57-cb05928be5be', '553a0257-af71-4463-b376-25f2298673c8');
INSERT INTO dbo.CohortFacetExpectation ([Id], [CohortId],  [FacetId], [ExpectationId]) VALUES ('82507fc4-aae6-4c76-80c2-46c726c6d06a', 'f2a8dc4e-525b-4479-b83e-44a7139b4a58', 'cd20ff5a-eab3-41fd-8f57-cb05928be5be', '7663242e-1271-440b-9f01-f87b3ed1d84f');
INSERT INTO dbo.CohortFacetExpectation ([Id], [CohortId],  [FacetId], [ExpectationId]) VALUES ('601d25c3-24a9-4ebb-8bbd-c809e1467075', '4702fd60-3c68-4b73-998f-1b779449c89e', 'cd20ff5a-eab3-41fd-8f57-cb05928be5be', '1993c768-ae70-408b-b27f-56a660c27889');
INSERT INTO dbo.CohortFacetExpectation ([Id], [CohortId],  [FacetId], [ExpectationId]) VALUES ('7714643d-14ac-47e0-9e1a-c3124c249124', '966a4f33-c515-414d-b7dc-9606040697ca', 'cd20ff5a-eab3-41fd-8f57-cb05928be5be', '3228bb86-d7a9-40ca-a593-86ddf4495032');
INSERT INTO dbo.CohortFacetExpectation ([Id], [CohortId],  [FacetId], [ExpectationId]) VALUES ('bd75e276-cafc-4b80-9f50-6ad2a0c01fd1', '32ff7205-fe59-4ce6-8eb7-017d7e84f7c0', 'cd20ff5a-eab3-41fd-8f57-cb05928be5be', '3228bb86-d7a9-40ca-a593-86ddf4495032');
INSERT INTO dbo.CohortFacetExpectation ([Id], [CohortId],  [FacetId], [ExpectationId]) VALUES ('3b1ace4f-f18a-42db-aa25-1e45e06dcf9a', 'e575e2ba-2dde-45c5-b1bc-081a407ae49c', 'cd20ff5a-eab3-41fd-8f57-cb05928be5be', '949eb892-9677-4c4e-a0c9-dce6287ad561');
INSERT INTO dbo.CohortFacetExpectation ([Id], [CohortId],  [FacetId], [ExpectationId]) VALUES ('1b8d7bbe-4ca4-44ae-a254-a77924afad36', 'bc4a9889-f73f-4554-957d-cede1e601a05', 'cd20ff5a-eab3-41fd-8f57-cb05928be5be', '949eb892-9677-4c4e-a0c9-dce6287ad561');
INSERT INTO dbo.CohortFacetExpectation ([Id], [CohortId],  [FacetId], [ExpectationId]) VALUES ('f0377d60-7ec0-449e-addd-29f327d6eb7f', 'd47904dc-b77c-4143-9a0e-a006d8b881f5', 'cd20ff5a-eab3-41fd-8f57-cb05928be5be', '5886e939-bb49-46c0-b091-8ab535f08d39');
INSERT INTO dbo.CohortFacetExpectation ([Id], [CohortId],  [FacetId], [ExpectationId]) VALUES ('f7242c14-05da-478b-8f39-263f78c9742a', '591211ee-689f-46e9-917c-8f9a04eb7546', '06a5f0c4-b57e-4d1d-890d-7519ab79c71e', '0cce2633-ccc8-4e47-9238-e90c4770b35c');
INSERT INTO dbo.CohortFacetExpectation ([Id], [CohortId],  [FacetId], [ExpectationId]) VALUES ('e35291db-cea0-4682-8396-f110c2f26af7', '732a1a53-a6dc-49be-a18c-a1671de58f6d', '06a5f0c4-b57e-4d1d-890d-7519ab79c71e', '0cce2633-ccc8-4e47-9238-e90c4770b35c');
INSERT INTO dbo.CohortFacetExpectation ([Id], [CohortId],  [FacetId], [ExpectationId]) VALUES ('4b54e4f3-6362-4e88-8e35-99108fdae50b', '66237380-cd06-4cae-848e-fc14638047b8', '06a5f0c4-b57e-4d1d-890d-7519ab79c71e', '0cce2633-ccc8-4e47-9238-e90c4770b35c');
INSERT INTO dbo.CohortFacetExpectation ([Id], [CohortId],  [FacetId], [ExpectationId]) VALUES ('644e1563-e6b0-4aff-8830-72dcfeab4ce9', 'acdb76f6-fefb-4c4e-b8af-5eb79f1cbf98', '06a5f0c4-b57e-4d1d-890d-7519ab79c71e', '0cce2633-ccc8-4e47-9238-e90c4770b35c');
INSERT INTO dbo.CohortFacetExpectation ([Id], [CohortId],  [FacetId], [ExpectationId]) VALUES ('ed51cfcd-4b73-48ce-9171-053374e8026b', '0d8ac0ab-ca46-4f07-8baa-2c0e1798cdcc', '06a5f0c4-b57e-4d1d-890d-7519ab79c71e', '0cce2633-ccc8-4e47-9238-e90c4770b35c');
INSERT INTO dbo.CohortFacetExpectation ([Id], [CohortId],  [FacetId], [ExpectationId]) VALUES ('8911b633-5bbe-4f64-a15f-98932f135fb1', '9d3d1201-eca6-424e-942b-82e48d2476c0', '06a5f0c4-b57e-4d1d-890d-7519ab79c71e', '7ae31968-9313-4684-a4ce-df9284bbbc96');
INSERT INTO dbo.CohortFacetExpectation ([Id], [CohortId],  [FacetId], [ExpectationId]) VALUES ('3b6c5465-16a8-4ec4-83e8-61cca9fd3767', '9a4f5330-2668-492c-9109-8d752f6081b1', '06a5f0c4-b57e-4d1d-890d-7519ab79c71e', '7ae31968-9313-4684-a4ce-df9284bbbc96');
INSERT INTO dbo.CohortFacetExpectation ([Id], [CohortId],  [FacetId], [ExpectationId]) VALUES ('de4f5c47-3f6b-4c4e-aeeb-cca3cd29b7d2', 'f2a8dc4e-525b-4479-b83e-44a7139b4a58', '06a5f0c4-b57e-4d1d-890d-7519ab79c71e', 'e3c6bdc8-4c8c-45f4-8643-7696bc10cfd7');
INSERT INTO dbo.CohortFacetExpectation ([Id], [CohortId],  [FacetId], [ExpectationId]) VALUES ('c50f0b6c-cfd5-4b3e-beee-d7f9a72eefb4', '4702fd60-3c68-4b73-998f-1b779449c89e', '06a5f0c4-b57e-4d1d-890d-7519ab79c71e', 'e3c6bdc8-4c8c-45f4-8643-7696bc10cfd7');
INSERT INTO dbo.CohortFacetExpectation ([Id], [CohortId],  [FacetId], [ExpectationId]) VALUES ('938415c7-3176-4cbd-bc40-f937c9d238de', '966a4f33-c515-414d-b7dc-9606040697ca', '06a5f0c4-b57e-4d1d-890d-7519ab79c71e', 'e3c6bdc8-4c8c-45f4-8643-7696bc10cfd7');
INSERT INTO dbo.CohortFacetExpectation ([Id], [CohortId],  [FacetId], [ExpectationId]) VALUES ('52b60fab-476b-4d4c-82ee-e17f4d608c77', '32ff7205-fe59-4ce6-8eb7-017d7e84f7c0', '06a5f0c4-b57e-4d1d-890d-7519ab79c71e', 'd8179833-36b7-4df2-a459-88dc35198db5');
INSERT INTO dbo.CohortFacetExpectation ([Id], [CohortId],  [FacetId], [ExpectationId]) VALUES ('bcffeda3-e80f-4144-9957-e9d13642a4a1', 'e575e2ba-2dde-45c5-b1bc-081a407ae49c', '06a5f0c4-b57e-4d1d-890d-7519ab79c71e', 'd8179833-36b7-4df2-a459-88dc35198db5');
INSERT INTO dbo.CohortFacetExpectation ([Id], [CohortId],  [FacetId], [ExpectationId]) VALUES ('0801bfd8-0c05-4aab-b8af-76e3b65b21b2', 'bc4a9889-f73f-4554-957d-cede1e601a05', '06a5f0c4-b57e-4d1d-890d-7519ab79c71e', 'd8179833-36b7-4df2-a459-88dc35198db5');
INSERT INTO dbo.CohortFacetExpectation ([Id], [CohortId],  [FacetId], [ExpectationId]) VALUES ('c4485120-8e0f-4e68-9a0a-a044806b555e', 'd47904dc-b77c-4143-9a0e-a006d8b881f5', '06a5f0c4-b57e-4d1d-890d-7519ab79c71e', 'd8179833-36b7-4df2-a459-88dc35198db5');
INSERT INTO dbo.CohortFacetExpectation ([Id], [CohortId],  [FacetId], [ExpectationId]) VALUES ('b9b66b3d-3e28-4cb7-baec-58a32ed92b65', '591211ee-689f-46e9-917c-8f9a04eb7546', '367bc879-57d9-46ed-bd3d-54d69f0db4f8', '415c0cae-2f46-4785-9bdd-b60c4f8e632e');
INSERT INTO dbo.CohortFacetExpectation ([Id], [CohortId],  [FacetId], [ExpectationId]) VALUES ('9f7836ad-3a07-4c2b-a3b6-bda1b7f43bc4', '732a1a53-a6dc-49be-a18c-a1671de58f6d', '367bc879-57d9-46ed-bd3d-54d69f0db4f8', '415c0cae-2f46-4785-9bdd-b60c4f8e632e');
INSERT INTO dbo.CohortFacetExpectation ([Id], [CohortId],  [FacetId], [ExpectationId]) VALUES ('4c6782c7-a19a-4354-9aaa-49aef5923381', '66237380-cd06-4cae-848e-fc14638047b8', '367bc879-57d9-46ed-bd3d-54d69f0db4f8', '415c0cae-2f46-4785-9bdd-b60c4f8e632e');
INSERT INTO dbo.CohortFacetExpectation ([Id], [CohortId],  [FacetId], [ExpectationId]) VALUES ('b258d336-2bcb-4c2e-8a35-2ade337a5ddc', 'acdb76f6-fefb-4c4e-b8af-5eb79f1cbf98', '367bc879-57d9-46ed-bd3d-54d69f0db4f8', '415c0cae-2f46-4785-9bdd-b60c4f8e632e');
INSERT INTO dbo.CohortFacetExpectation ([Id], [CohortId],  [FacetId], [ExpectationId]) VALUES ('1b900c49-0af7-4c48-80dc-8de83b82a544', '0d8ac0ab-ca46-4f07-8baa-2c0e1798cdcc', '367bc879-57d9-46ed-bd3d-54d69f0db4f8', '415c0cae-2f46-4785-9bdd-b60c4f8e632e');
INSERT INTO dbo.CohortFacetExpectation ([Id], [CohortId],  [FacetId], [ExpectationId]) VALUES ('88e5ade0-d85d-4e35-a7dd-76d0eef82a6d', '9d3d1201-eca6-424e-942b-82e48d2476c0', '367bc879-57d9-46ed-bd3d-54d69f0db4f8', '415c0cae-2f46-4785-9bdd-b60c4f8e632e');
INSERT INTO dbo.CohortFacetExpectation ([Id], [CohortId],  [FacetId], [ExpectationId]) VALUES ('07f472c9-ed0d-4c8b-813f-b19e5d8b7a83', '9a4f5330-2668-492c-9109-8d752f6081b1', '367bc879-57d9-46ed-bd3d-54d69f0db4f8', '415c0cae-2f46-4785-9bdd-b60c4f8e632e');
INSERT INTO dbo.CohortFacetExpectation ([Id], [CohortId],  [FacetId], [ExpectationId]) VALUES ('e7d963cc-6d02-43b6-9cc2-6157efa68c34', 'f2a8dc4e-525b-4479-b83e-44a7139b4a58', '367bc879-57d9-46ed-bd3d-54d69f0db4f8', '415c0cae-2f46-4785-9bdd-b60c4f8e632e');
INSERT INTO dbo.CohortFacetExpectation ([Id], [CohortId],  [FacetId], [ExpectationId]) VALUES ('d6a9e561-6a2d-464f-827e-fdc96dfd5273', '4702fd60-3c68-4b73-998f-1b779449c89e', '367bc879-57d9-46ed-bd3d-54d69f0db4f8', '00515e8b-1a7f-4e87-b3ed-37b348e041dc');
INSERT INTO dbo.CohortFacetExpectation ([Id], [CohortId],  [FacetId], [ExpectationId]) VALUES ('1cfaaa5b-49a7-40ec-8ccd-884da9e1081b', '966a4f33-c515-414d-b7dc-9606040697ca', '367bc879-57d9-46ed-bd3d-54d69f0db4f8', '00515e8b-1a7f-4e87-b3ed-37b348e041dc');
INSERT INTO dbo.CohortFacetExpectation ([Id], [CohortId],  [FacetId], [ExpectationId]) VALUES ('2fc6f825-1928-4cc1-a1ac-36c39cfe175f', '32ff7205-fe59-4ce6-8eb7-017d7e84f7c0', '367bc879-57d9-46ed-bd3d-54d69f0db4f8', '00515e8b-1a7f-4e87-b3ed-37b348e041dc');
INSERT INTO dbo.CohortFacetExpectation ([Id], [CohortId],  [FacetId], [ExpectationId]) VALUES ('0f6fb545-0e73-4e57-8fee-5007618b1d33', 'e575e2ba-2dde-45c5-b1bc-081a407ae49c', '367bc879-57d9-46ed-bd3d-54d69f0db4f8', 'b8f5bce0-2652-404c-9609-f4ad470b053e');
INSERT INTO dbo.CohortFacetExpectation ([Id], [CohortId],  [FacetId], [ExpectationId]) VALUES ('22e2fa15-532d-4119-aef3-3a35b5c2fb57', 'bc4a9889-f73f-4554-957d-cede1e601a05', '367bc879-57d9-46ed-bd3d-54d69f0db4f8', '31161a13-6e8e-431d-a84e-0f6b2923d6f8');
INSERT INTO dbo.CohortFacetExpectation ([Id], [CohortId],  [FacetId], [ExpectationId]) VALUES ('88d15ea8-b351-4b1e-a1d9-206dee541ee5', 'd47904dc-b77c-4143-9a0e-a006d8b881f5', '367bc879-57d9-46ed-bd3d-54d69f0db4f8', '31161a13-6e8e-431d-a84e-0f6b2923d6f8');
INSERT INTO dbo.CohortFacetExpectation ([Id], [CohortId],  [FacetId], [ExpectationId]) VALUES ('c25bba8d-ce6c-416a-a50f-ed329ae2e614', '591211ee-689f-46e9-917c-8f9a04eb7546', '7a0639c9-93d0-4080-a321-1afc75a8e8cf', '084ad12e-4365-4dec-b300-83b1a4c53b0b');
INSERT INTO dbo.CohortFacetExpectation ([Id], [CohortId],  [FacetId], [ExpectationId]) VALUES ('ee3f7519-9060-475e-9db0-d29a08c23e54', '732a1a53-a6dc-49be-a18c-a1671de58f6d', '7a0639c9-93d0-4080-a321-1afc75a8e8cf', '084ad12e-4365-4dec-b300-83b1a4c53b0b');
INSERT INTO dbo.CohortFacetExpectation ([Id], [CohortId],  [FacetId], [ExpectationId]) VALUES ('edc74cae-66b6-4cc7-9e4a-56e7b1d1a509', '66237380-cd06-4cae-848e-fc14638047b8', '7a0639c9-93d0-4080-a321-1afc75a8e8cf', '084ad12e-4365-4dec-b300-83b1a4c53b0b');
INSERT INTO dbo.CohortFacetExpectation ([Id], [CohortId],  [FacetId], [ExpectationId]) VALUES ('1ee92f3e-ebcd-4339-9693-4c3826ee901b', 'acdb76f6-fefb-4c4e-b8af-5eb79f1cbf98', '7a0639c9-93d0-4080-a321-1afc75a8e8cf', '084ad12e-4365-4dec-b300-83b1a4c53b0b');
INSERT INTO dbo.CohortFacetExpectation ([Id], [CohortId],  [FacetId], [ExpectationId]) VALUES ('df485dc1-adc3-4eb9-9501-f66590c826d6', '0d8ac0ab-ca46-4f07-8baa-2c0e1798cdcc', '7a0639c9-93d0-4080-a321-1afc75a8e8cf', 'fae0527b-5647-4a12-9e19-123c190b2085');
INSERT INTO dbo.CohortFacetExpectation ([Id], [CohortId],  [FacetId], [ExpectationId]) VALUES ('1ef66840-da0d-4424-a85b-b56a008f6239', '9d3d1201-eca6-424e-942b-82e48d2476c0', '7a0639c9-93d0-4080-a321-1afc75a8e8cf', 'cb472162-2f8f-4fcd-9328-8a79703f0c3e');
INSERT INTO dbo.CohortFacetExpectation ([Id], [CohortId],  [FacetId], [ExpectationId]) VALUES ('2597c4d0-a4f6-4886-be2b-d06334c7771c', '9a4f5330-2668-492c-9109-8d752f6081b1', '7a0639c9-93d0-4080-a321-1afc75a8e8cf', 'cb472162-2f8f-4fcd-9328-8a79703f0c3e');
INSERT INTO dbo.CohortFacetExpectation ([Id], [CohortId],  [FacetId], [ExpectationId]) VALUES ('ddbcf4c0-4453-4aae-b2ca-7adbcaf1957a', 'f2a8dc4e-525b-4479-b83e-44a7139b4a58', '7a0639c9-93d0-4080-a321-1afc75a8e8cf', '5a062192-074f-4b38-ab2e-5a115b78ec4b');
INSERT INTO dbo.CohortFacetExpectation ([Id], [CohortId],  [FacetId], [ExpectationId]) VALUES ('f219267e-9606-489e-8d6a-32ea669a00cb', '4702fd60-3c68-4b73-998f-1b779449c89e', '7a0639c9-93d0-4080-a321-1afc75a8e8cf', '1daf1b56-999f-4a25-bd07-5f5ee9fcf8cf');
INSERT INTO dbo.CohortFacetExpectation ([Id], [CohortId],  [FacetId], [ExpectationId]) VALUES ('6686c0f0-14f8-40b3-bc03-5a285b127d42', '966a4f33-c515-414d-b7dc-9606040697ca', '7a0639c9-93d0-4080-a321-1afc75a8e8cf', 'dfa827be-a5ac-4539-81be-8cb0cace6a01');
INSERT INTO dbo.CohortFacetExpectation ([Id], [CohortId],  [FacetId], [ExpectationId]) VALUES ('b56e7805-fa7f-47ff-b2d5-63f6dd4c70dc', '32ff7205-fe59-4ce6-8eb7-017d7e84f7c0', '7a0639c9-93d0-4080-a321-1afc75a8e8cf', 'dfa827be-a5ac-4539-81be-8cb0cace6a01');
INSERT INTO dbo.CohortFacetExpectation ([Id], [CohortId],  [FacetId], [ExpectationId]) VALUES ('6168d579-dfae-4d0a-bc12-9936225514b9', 'e575e2ba-2dde-45c5-b1bc-081a407ae49c', '7a0639c9-93d0-4080-a321-1afc75a8e8cf', 'fc48774a-b882-47cd-bd9e-1a4066afd60c');
INSERT INTO dbo.CohortFacetExpectation ([Id], [CohortId],  [FacetId], [ExpectationId]) VALUES ('81d0d903-5ee2-41ac-be5d-6d1180e6f335', 'bc4a9889-f73f-4554-957d-cede1e601a05', '7a0639c9-93d0-4080-a321-1afc75a8e8cf', '5762696c-e76c-48e9-a986-b765b0ddab4d');
INSERT INTO dbo.CohortFacetExpectation ([Id], [CohortId],  [FacetId], [ExpectationId]) VALUES ('59608782-a3b5-4fa1-a6d3-ca6f47d99f61', 'd47904dc-b77c-4143-9a0e-a006d8b881f5', '7a0639c9-93d0-4080-a321-1afc75a8e8cf', 'f35976d1-b519-426f-a937-7622cdab51eb');
INSERT INTO dbo.CohortFacetExpectation ([Id], [CohortId],  [FacetId], [ExpectationId]) VALUES ('bca49950-70c0-4a5a-99d9-f11113d0e485', '591211ee-689f-46e9-917c-8f9a04eb7546', '05b8076e-b978-487a-bb8c-1db48bf82cc9', '5b232f49-70a7-44fe-bc9d-7f1f1b5a40eb');
INSERT INTO dbo.CohortFacetExpectation ([Id], [CohortId],  [FacetId], [ExpectationId]) VALUES ('048a8cba-ac97-4573-aa1b-f6aae11bd329', '732a1a53-a6dc-49be-a18c-a1671de58f6d', '05b8076e-b978-487a-bb8c-1db48bf82cc9', '5b232f49-70a7-44fe-bc9d-7f1f1b5a40eb');
INSERT INTO dbo.CohortFacetExpectation ([Id], [CohortId],  [FacetId], [ExpectationId]) VALUES ('45e0b145-af88-435e-9fef-12740d9f0a40', '66237380-cd06-4cae-848e-fc14638047b8', '05b8076e-b978-487a-bb8c-1db48bf82cc9', '4c190990-3f1f-45f9-a974-3cca16a37663');
INSERT INTO dbo.CohortFacetExpectation ([Id], [CohortId],  [FacetId], [ExpectationId]) VALUES ('3b776478-f59a-41af-a03a-307ba2645738', 'acdb76f6-fefb-4c4e-b8af-5eb79f1cbf98', '05b8076e-b978-487a-bb8c-1db48bf82cc9', '4c190990-3f1f-45f9-a974-3cca16a37663');
INSERT INTO dbo.CohortFacetExpectation ([Id], [CohortId],  [FacetId], [ExpectationId]) VALUES ('7199000f-e165-49a8-b60d-c3a667a2b89b', '0d8ac0ab-ca46-4f07-8baa-2c0e1798cdcc', '05b8076e-b978-487a-bb8c-1db48bf82cc9', '868da1ac-d3bb-464d-9a45-8d44771442bb');
INSERT INTO dbo.CohortFacetExpectation ([Id], [CohortId],  [FacetId], [ExpectationId]) VALUES ('64a31734-ab23-49cf-bbe2-158a682e97a4', '9d3d1201-eca6-424e-942b-82e48d2476c0', '05b8076e-b978-487a-bb8c-1db48bf82cc9', 'd9d47401-de70-4a68-ac35-d3fc9dd8ccfa');
INSERT INTO dbo.CohortFacetExpectation ([Id], [CohortId],  [FacetId], [ExpectationId]) VALUES ('91cd28e5-c117-41d6-987a-c40ab502394f', '9a4f5330-2668-492c-9109-8d752f6081b1', '05b8076e-b978-487a-bb8c-1db48bf82cc9', 'd9d47401-de70-4a68-ac35-d3fc9dd8ccfa');
INSERT INTO dbo.CohortFacetExpectation ([Id], [CohortId],  [FacetId], [ExpectationId]) VALUES ('ea3429d1-3769-4ee1-ab6f-69b1cc6e2132', 'f2a8dc4e-525b-4479-b83e-44a7139b4a58', '05b8076e-b978-487a-bb8c-1db48bf82cc9', '186ab6d4-620a-4019-9dd7-300ada4d70b4');
INSERT INTO dbo.CohortFacetExpectation ([Id], [CohortId],  [FacetId], [ExpectationId]) VALUES ('b5b97e5b-1c82-49be-9499-6cec32d72a2d', '4702fd60-3c68-4b73-998f-1b779449c89e', '05b8076e-b978-487a-bb8c-1db48bf82cc9', '58e8bc8e-ff27-420b-a014-0314c65c913d');
INSERT INTO dbo.CohortFacetExpectation ([Id], [CohortId],  [FacetId], [ExpectationId]) VALUES ('4d0e0170-621e-446e-b9f7-df16da01d4e3', '966a4f33-c515-414d-b7dc-9606040697ca', '05b8076e-b978-487a-bb8c-1db48bf82cc9', 'e3555015-025b-4519-bc15-5ad33887544c');
INSERT INTO dbo.CohortFacetExpectation ([Id], [CohortId],  [FacetId], [ExpectationId]) VALUES ('740e4da4-bc56-4a99-aa72-ede95dc76a50', '32ff7205-fe59-4ce6-8eb7-017d7e84f7c0', '05b8076e-b978-487a-bb8c-1db48bf82cc9', 'e3555015-025b-4519-bc15-5ad33887544c');
INSERT INTO dbo.CohortFacetExpectation ([Id], [CohortId],  [FacetId], [ExpectationId]) VALUES ('71a2d8d6-633c-44e6-81d7-b47f6a160909', 'e575e2ba-2dde-45c5-b1bc-081a407ae49c', '05b8076e-b978-487a-bb8c-1db48bf82cc9', '710b6502-aa1f-432b-b230-4e5179875e4d');
INSERT INTO dbo.CohortFacetExpectation ([Id], [CohortId],  [FacetId], [ExpectationId]) VALUES ('d5e82597-85e4-4d87-93ad-51201652f876', 'bc4a9889-f73f-4554-957d-cede1e601a05', '05b8076e-b978-487a-bb8c-1db48bf82cc9', '710b6502-aa1f-432b-b230-4e5179875e4d');
INSERT INTO dbo.CohortFacetExpectation ([Id], [CohortId],  [FacetId], [ExpectationId]) VALUES ('e9e88653-f029-4e46-9147-2400ed4742f4', 'd47904dc-b77c-4143-9a0e-a006d8b881f5', '05b8076e-b978-487a-bb8c-1db48bf82cc9', '710b6502-aa1f-432b-b230-4e5179875e4d');
INSERT INTO dbo.CohortFacetExpectation ([Id], [CohortId],  [FacetId], [ExpectationId]) VALUES ('29dcb990-9f0c-47b4-9f43-c95bdde15160', '591211ee-689f-46e9-917c-8f9a04eb7546', '63015690-627c-4c0e-9d39-1c4d9808d1e4', '2f693a8f-8d14-4716-b5df-ceef00ef79ae');
INSERT INTO dbo.CohortFacetExpectation ([Id], [CohortId],  [FacetId], [ExpectationId]) VALUES ('7ac47e55-e70a-4350-9bda-2601e5e93ed8', '732a1a53-a6dc-49be-a18c-a1671de58f6d', '63015690-627c-4c0e-9d39-1c4d9808d1e4', '00991180-b220-4ce4-b45c-a6bfc514288a');
INSERT INTO dbo.CohortFacetExpectation ([Id], [CohortId],  [FacetId], [ExpectationId]) VALUES ('08087689-9a80-4b17-9732-abd5cb397b30', '66237380-cd06-4cae-848e-fc14638047b8', '63015690-627c-4c0e-9d39-1c4d9808d1e4', '00991180-b220-4ce4-b45c-a6bfc514288a');
INSERT INTO dbo.CohortFacetExpectation ([Id], [CohortId],  [FacetId], [ExpectationId]) VALUES ('c709f28a-32d2-4e3a-aa81-4e0bb6e7af89', 'acdb76f6-fefb-4c4e-b8af-5eb79f1cbf98', '63015690-627c-4c0e-9d39-1c4d9808d1e4', '00991180-b220-4ce4-b45c-a6bfc514288a');
INSERT INTO dbo.CohortFacetExpectation ([Id], [CohortId],  [FacetId], [ExpectationId]) VALUES ('12c629d8-4196-4aa5-a9a4-c4d8cb9229bc', '0d8ac0ab-ca46-4f07-8baa-2c0e1798cdcc', '63015690-627c-4c0e-9d39-1c4d9808d1e4', '470535fc-879e-4583-ba5d-dad3ec998a35');
INSERT INTO dbo.CohortFacetExpectation ([Id], [CohortId],  [FacetId], [ExpectationId]) VALUES ('f721922c-70f1-4e57-9932-7c7a8ab6d821', '9d3d1201-eca6-424e-942b-82e48d2476c0', '63015690-627c-4c0e-9d39-1c4d9808d1e4', '470535fc-879e-4583-ba5d-dad3ec998a35');
INSERT INTO dbo.CohortFacetExpectation ([Id], [CohortId],  [FacetId], [ExpectationId]) VALUES ('fc0658f7-43e1-486e-90ce-95b897979da3', '9a4f5330-2668-492c-9109-8d752f6081b1', '63015690-627c-4c0e-9d39-1c4d9808d1e4', 'ef988d70-40ab-474d-b96b-dd1ef335a6fd');
INSERT INTO dbo.CohortFacetExpectation ([Id], [CohortId],  [FacetId], [ExpectationId]) VALUES ('cbd41714-8609-48fe-8e20-a4c39a314ee0', 'f2a8dc4e-525b-4479-b83e-44a7139b4a58', '63015690-627c-4c0e-9d39-1c4d9808d1e4', 'ef988d70-40ab-474d-b96b-dd1ef335a6fd');
INSERT INTO dbo.CohortFacetExpectation ([Id], [CohortId],  [FacetId], [ExpectationId]) VALUES ('272eaa92-a730-4668-855d-3b3b51347126', '4702fd60-3c68-4b73-998f-1b779449c89e', '63015690-627c-4c0e-9d39-1c4d9808d1e4', '4c3f00ab-9dd7-4f07-bd91-7537e9d8c372');
INSERT INTO dbo.CohortFacetExpectation ([Id], [CohortId],  [FacetId], [ExpectationId]) VALUES ('806b68ec-3a81-4d0c-8cd5-af5a9b6ae134', '966a4f33-c515-414d-b7dc-9606040697ca', '63015690-627c-4c0e-9d39-1c4d9808d1e4', '0bbe5fac-b113-4cd0-8713-a31cf7c5b4ff');
INSERT INTO dbo.CohortFacetExpectation ([Id], [CohortId],  [FacetId], [ExpectationId]) VALUES ('8958d83e-9756-4410-b06c-5d124f36f85c', '32ff7205-fe59-4ce6-8eb7-017d7e84f7c0', '63015690-627c-4c0e-9d39-1c4d9808d1e4', '0bbe5fac-b113-4cd0-8713-a31cf7c5b4ff');
INSERT INTO dbo.CohortFacetExpectation ([Id], [CohortId],  [FacetId], [ExpectationId]) VALUES ('4a3e4c68-87df-46bd-b096-6c36c07d58b2', 'e575e2ba-2dde-45c5-b1bc-081a407ae49c', '63015690-627c-4c0e-9d39-1c4d9808d1e4', 'b18aa635-c4ff-4c49-8071-7502cc2a4ec5');
INSERT INTO dbo.CohortFacetExpectation ([Id], [CohortId],  [FacetId], [ExpectationId]) VALUES ('38ce68d8-3c6e-4418-8183-826baa513d48', 'bc4a9889-f73f-4554-957d-cede1e601a05', '63015690-627c-4c0e-9d39-1c4d9808d1e4', 'b18aa635-c4ff-4c49-8071-7502cc2a4ec5');
INSERT INTO dbo.CohortFacetExpectation ([Id], [CohortId],  [FacetId], [ExpectationId]) VALUES ('68c15ceb-91d8-41dd-b7e0-ead2298e1a92', 'd47904dc-b77c-4143-9a0e-a006d8b881f5', '63015690-627c-4c0e-9d39-1c4d9808d1e4', 'e0c604a1-cfe8-477a-ad1c-776bce6c5456');
INSERT INTO dbo.CohortFacetExpectation ([Id], [CohortId],  [FacetId], [ExpectationId]) VALUES ('a9f30ab2-012f-409c-82bd-23aa345e8e8f', '591211ee-689f-46e9-917c-8f9a04eb7546', '98baac94-5022-40c4-a904-c383c6a6bb47', 'edd297e5-196e-4de9-a34c-311ff472d6a8');
INSERT INTO dbo.CohortFacetExpectation ([Id], [CohortId],  [FacetId], [ExpectationId]) VALUES ('311513d0-6e9a-4f8b-a459-f030844169e9', '732a1a53-a6dc-49be-a18c-a1671de58f6d', '98baac94-5022-40c4-a904-c383c6a6bb47', 'edd297e5-196e-4de9-a34c-311ff472d6a8');
INSERT INTO dbo.CohortFacetExpectation ([Id], [CohortId],  [FacetId], [ExpectationId]) VALUES ('563b4dff-829c-4f27-806f-549a21c3a884', '66237380-cd06-4cae-848e-fc14638047b8', '98baac94-5022-40c4-a904-c383c6a6bb47', '210d5098-16fb-443f-bbdc-2b321a1ba2ef');
INSERT INTO dbo.CohortFacetExpectation ([Id], [CohortId],  [FacetId], [ExpectationId]) VALUES ('fd0c90e3-6294-42b0-adb4-389d527e78dd', 'acdb76f6-fefb-4c4e-b8af-5eb79f1cbf98', '98baac94-5022-40c4-a904-c383c6a6bb47', '210d5098-16fb-443f-bbdc-2b321a1ba2ef');
INSERT INTO dbo.CohortFacetExpectation ([Id], [CohortId],  [FacetId], [ExpectationId]) VALUES ('a3567ac3-48fd-4710-9b43-7f66f367f69f', '0d8ac0ab-ca46-4f07-8baa-2c0e1798cdcc', '98baac94-5022-40c4-a904-c383c6a6bb47', 'f511b6d8-9fea-4eff-aebd-4f2f8d05d858');
INSERT INTO dbo.CohortFacetExpectation ([Id], [CohortId],  [FacetId], [ExpectationId]) VALUES ('473a211c-b6e0-4a8d-bb4e-915fcb76552c', '9d3d1201-eca6-424e-942b-82e48d2476c0', '98baac94-5022-40c4-a904-c383c6a6bb47', 'a755c9a9-3219-4dc3-aa60-8e5a05b40586');
INSERT INTO dbo.CohortFacetExpectation ([Id], [CohortId],  [FacetId], [ExpectationId]) VALUES ('389aca6b-39a3-4551-b91c-18f1ee11c1eb', '9a4f5330-2668-492c-9109-8d752f6081b1', '98baac94-5022-40c4-a904-c383c6a6bb47', 'a755c9a9-3219-4dc3-aa60-8e5a05b40586');
INSERT INTO dbo.CohortFacetExpectation ([Id], [CohortId],  [FacetId], [ExpectationId]) VALUES ('c598c6a5-a0b3-4769-bd1d-f0d120ae3d12', 'f2a8dc4e-525b-4479-b83e-44a7139b4a58', '98baac94-5022-40c4-a904-c383c6a6bb47', '386ab75d-4af3-4afe-afd1-e910ed612af9');
INSERT INTO dbo.CohortFacetExpectation ([Id], [CohortId],  [FacetId], [ExpectationId]) VALUES ('053af129-a784-47d7-817e-db70737a73f1', '4702fd60-3c68-4b73-998f-1b779449c89e', '98baac94-5022-40c4-a904-c383c6a6bb47', 'be92c98f-3dfc-4335-a990-6effb2c77d65');
INSERT INTO dbo.CohortFacetExpectation ([Id], [CohortId],  [FacetId], [ExpectationId]) VALUES ('daa74023-1d79-4d8f-9a9b-5b6a70f8e237', '966a4f33-c515-414d-b7dc-9606040697ca', '98baac94-5022-40c4-a904-c383c6a6bb47', 'be92c98f-3dfc-4335-a990-6effb2c77d65');
INSERT INTO dbo.CohortFacetExpectation ([Id], [CohortId],  [FacetId], [ExpectationId]) VALUES ('6a1911af-4784-484b-bcf4-2412066505ef', '32ff7205-fe59-4ce6-8eb7-017d7e84f7c0', '98baac94-5022-40c4-a904-c383c6a6bb47', '18aecc5b-fedb-4f08-8887-33d9c0cc0f2a');
INSERT INTO dbo.CohortFacetExpectation ([Id], [CohortId],  [FacetId], [ExpectationId]) VALUES ('d88172a2-dfd5-4366-a32f-48f657fb4f2f', 'e575e2ba-2dde-45c5-b1bc-081a407ae49c', '98baac94-5022-40c4-a904-c383c6a6bb47', 'be804017-2a98-4b19-b591-fb2d30174e34');
INSERT INTO dbo.CohortFacetExpectation ([Id], [CohortId],  [FacetId], [ExpectationId]) VALUES ('ee8a8d9f-ea4a-4737-8cf8-896eecdd2707', 'bc4a9889-f73f-4554-957d-cede1e601a05', '98baac94-5022-40c4-a904-c383c6a6bb47', 'be804017-2a98-4b19-b591-fb2d30174e34');
INSERT INTO dbo.CohortFacetExpectation ([Id], [CohortId],  [FacetId], [ExpectationId]) VALUES ('337776c7-625b-4acb-aa08-6236bf344997', 'd47904dc-b77c-4143-9a0e-a006d8b881f5', '98baac94-5022-40c4-a904-c383c6a6bb47', 'be804017-2a98-4b19-b591-fb2d30174e34');
INSERT INTO dbo.CohortFacetExpectation ([Id], [CohortId],  [FacetId], [ExpectationId]) VALUES ('22fc0731-0878-4bbe-a8f0-d7e493718b87', '591211ee-689f-46e9-917c-8f9a04eb7546', '407b035b-dd2c-42f8-837e-84e3c9693b04', '6e4ea647-f035-44bb-9394-23d5b019a554');
INSERT INTO dbo.CohortFacetExpectation ([Id], [CohortId],  [FacetId], [ExpectationId]) VALUES ('efca34a6-d9dc-4422-b08f-38456298d4a0', '732a1a53-a6dc-49be-a18c-a1671de58f6d', '407b035b-dd2c-42f8-837e-84e3c9693b04', '6e4ea647-f035-44bb-9394-23d5b019a554');
INSERT INTO dbo.CohortFacetExpectation ([Id], [CohortId],  [FacetId], [ExpectationId]) VALUES ('db62f14c-9d03-4552-909c-7aa93af94c37', '66237380-cd06-4cae-848e-fc14638047b8', '407b035b-dd2c-42f8-837e-84e3c9693b04', 'dbe9e5c5-7ce8-4f14-90c9-3bdeb699edbe');
INSERT INTO dbo.CohortFacetExpectation ([Id], [CohortId],  [FacetId], [ExpectationId]) VALUES ('43c9ec6f-3b3f-466d-bb67-96f795212c6e', 'acdb76f6-fefb-4c4e-b8af-5eb79f1cbf98', '407b035b-dd2c-42f8-837e-84e3c9693b04', 'dbe9e5c5-7ce8-4f14-90c9-3bdeb699edbe');
INSERT INTO dbo.CohortFacetExpectation ([Id], [CohortId],  [FacetId], [ExpectationId]) VALUES ('89beb478-1649-453e-9ef1-8044dcc99c1e', '0d8ac0ab-ca46-4f07-8baa-2c0e1798cdcc', '407b035b-dd2c-42f8-837e-84e3c9693b04', 'e063753b-dc44-4e83-9328-ab8e1a415e74');
INSERT INTO dbo.CohortFacetExpectation ([Id], [CohortId],  [FacetId], [ExpectationId]) VALUES ('5240dcf1-8060-4e43-a6d5-4ddf813c587d', '9d3d1201-eca6-424e-942b-82e48d2476c0', '407b035b-dd2c-42f8-837e-84e3c9693b04', 'f5cf4b91-69c0-470b-b2e4-4de99051722a');
INSERT INTO dbo.CohortFacetExpectation ([Id], [CohortId],  [FacetId], [ExpectationId]) VALUES ('26180bcf-840a-41fd-ae95-ec87247379f7', '9a4f5330-2668-492c-9109-8d752f6081b1', '407b035b-dd2c-42f8-837e-84e3c9693b04', 'f5cf4b91-69c0-470b-b2e4-4de99051722a');
INSERT INTO dbo.CohortFacetExpectation ([Id], [CohortId],  [FacetId], [ExpectationId]) VALUES ('0513fe82-9420-4d94-bccc-b87b1205ac54', 'f2a8dc4e-525b-4479-b83e-44a7139b4a58', '407b035b-dd2c-42f8-837e-84e3c9693b04', 'f5cf4b91-69c0-470b-b2e4-4de99051722a');
INSERT INTO dbo.CohortFacetExpectation ([Id], [CohortId],  [FacetId], [ExpectationId]) VALUES ('ce61f486-f122-446e-9aa5-152e68bd8513', '4702fd60-3c68-4b73-998f-1b779449c89e', '407b035b-dd2c-42f8-837e-84e3c9693b04', 'f5cf4b91-69c0-470b-b2e4-4de99051722a');
INSERT INTO dbo.CohortFacetExpectation ([Id], [CohortId],  [FacetId], [ExpectationId]) VALUES ('8b2287ac-9716-4b1a-8a83-7b3a2afab62e', '966a4f33-c515-414d-b7dc-9606040697ca', '407b035b-dd2c-42f8-837e-84e3c9693b04', 'ba215b06-d8a0-4036-869a-442242c44c60');
INSERT INTO dbo.CohortFacetExpectation ([Id], [CohortId],  [FacetId], [ExpectationId]) VALUES ('ec53eb82-252d-4231-a66e-85087c73312f', '32ff7205-fe59-4ce6-8eb7-017d7e84f7c0', '407b035b-dd2c-42f8-837e-84e3c9693b04', 'ba215b06-d8a0-4036-869a-442242c44c60');
INSERT INTO dbo.CohortFacetExpectation ([Id], [CohortId],  [FacetId], [ExpectationId]) VALUES ('c8507463-ffb7-4fd5-876b-0d03113d0c42', 'e575e2ba-2dde-45c5-b1bc-081a407ae49c', '407b035b-dd2c-42f8-837e-84e3c9693b04', '4a3d6da2-480d-4ece-9bd3-44a70ef40897');
INSERT INTO dbo.CohortFacetExpectation ([Id], [CohortId],  [FacetId], [ExpectationId]) VALUES ('ef7632b7-0c6a-459b-ba4f-6908eba8b803', 'bc4a9889-f73f-4554-957d-cede1e601a05', '407b035b-dd2c-42f8-837e-84e3c9693b04', '4a3d6da2-480d-4ece-9bd3-44a70ef40897');
INSERT INTO dbo.CohortFacetExpectation ([Id], [CohortId],  [FacetId], [ExpectationId]) VALUES ('62bb5c3d-cf61-4380-9793-c71d45f3bec1', 'd47904dc-b77c-4143-9a0e-a006d8b881f5', '407b035b-dd2c-42f8-837e-84e3c9693b04', '4a3d6da2-480d-4ece-9bd3-44a70ef40897');
INSERT INTO dbo.CohortFacetExpectation ([Id], [CohortId],  [FacetId], [ExpectationId]) VALUES ('54d8a92a-81bb-473b-a282-0d783a313172', '591211ee-689f-46e9-917c-8f9a04eb7546', 'f4e27e93-503b-41ba-b4da-ce7f7e3c831f', '95122382-3560-49ab-a563-1fcea2b03a34');
INSERT INTO dbo.CohortFacetExpectation ([Id], [CohortId],  [FacetId], [ExpectationId]) VALUES ('787b7f12-45fe-42b7-9db4-db29d056f6ba', '732a1a53-a6dc-49be-a18c-a1671de58f6d', 'f4e27e93-503b-41ba-b4da-ce7f7e3c831f', '95122382-3560-49ab-a563-1fcea2b03a34');
INSERT INTO dbo.CohortFacetExpectation ([Id], [CohortId],  [FacetId], [ExpectationId]) VALUES ('811123f6-33fb-42e1-b1bb-8970fe9deaf3', '66237380-cd06-4cae-848e-fc14638047b8', 'f4e27e93-503b-41ba-b4da-ce7f7e3c831f', 'c25a4e49-909f-4d54-8c1d-0300c1354c58');
INSERT INTO dbo.CohortFacetExpectation ([Id], [CohortId],  [FacetId], [ExpectationId]) VALUES ('0ce4734e-8baa-4abf-b7a1-0a63ee69e40d', 'acdb76f6-fefb-4c4e-b8af-5eb79f1cbf98', 'f4e27e93-503b-41ba-b4da-ce7f7e3c831f', 'c25a4e49-909f-4d54-8c1d-0300c1354c58');
INSERT INTO dbo.CohortFacetExpectation ([Id], [CohortId],  [FacetId], [ExpectationId]) VALUES ('c3a84e31-894a-472a-b9d2-886758ce7bb1', '0d8ac0ab-ca46-4f07-8baa-2c0e1798cdcc', 'f4e27e93-503b-41ba-b4da-ce7f7e3c831f', '2f6b6905-424c-4ad2-a911-1bbd152ea5c2');
INSERT INTO dbo.CohortFacetExpectation ([Id], [CohortId],  [FacetId], [ExpectationId]) VALUES ('0541bf42-ff08-4c35-96d9-adb8f7c22e8e', '9d3d1201-eca6-424e-942b-82e48d2476c0', 'f4e27e93-503b-41ba-b4da-ce7f7e3c831f', '1082fca6-a8dc-451f-b55a-3a52dafa8c98');
INSERT INTO dbo.CohortFacetExpectation ([Id], [CohortId],  [FacetId], [ExpectationId]) VALUES ('8497be61-4052-4904-b66b-3b31b77312a3', '9a4f5330-2668-492c-9109-8d752f6081b1', 'f4e27e93-503b-41ba-b4da-ce7f7e3c831f', '94879652-c25f-49a9-bb45-c921555e2bd1');
INSERT INTO dbo.CohortFacetExpectation ([Id], [CohortId],  [FacetId], [ExpectationId]) VALUES ('ca92cfe4-16c1-4539-93fd-626568845018', 'f2a8dc4e-525b-4479-b83e-44a7139b4a58', 'f4e27e93-503b-41ba-b4da-ce7f7e3c831f', '4ad98cc9-35da-4b37-8b52-aabfb567b414');
INSERT INTO dbo.CohortFacetExpectation ([Id], [CohortId],  [FacetId], [ExpectationId]) VALUES ('6d8699eb-c5a3-4d68-bdb4-2e562cc814f0', '4702fd60-3c68-4b73-998f-1b779449c89e', 'f4e27e93-503b-41ba-b4da-ce7f7e3c831f', 'c0abdbab-a441-41b5-94bf-a1da033f209a');
INSERT INTO dbo.CohortFacetExpectation ([Id], [CohortId],  [FacetId], [ExpectationId]) VALUES ('84298729-a2c8-4fc2-83e2-4bb5f6cec344', '966a4f33-c515-414d-b7dc-9606040697ca', 'f4e27e93-503b-41ba-b4da-ce7f7e3c831f', 'c0abdbab-a441-41b5-94bf-a1da033f209a');
INSERT INTO dbo.CohortFacetExpectation ([Id], [CohortId],  [FacetId], [ExpectationId]) VALUES ('261f7344-1f37-4378-a337-0d8eda85cdc2', '32ff7205-fe59-4ce6-8eb7-017d7e84f7c0', 'f4e27e93-503b-41ba-b4da-ce7f7e3c831f', '88765b04-b48e-469d-bda0-0f553f5e3cd9');
INSERT INTO dbo.CohortFacetExpectation ([Id], [CohortId],  [FacetId], [ExpectationId]) VALUES ('77ad1ef3-9910-4a35-ae95-4da63c2a748a', 'e575e2ba-2dde-45c5-b1bc-081a407ae49c', 'f4e27e93-503b-41ba-b4da-ce7f7e3c831f', 'c8367984-6c1f-455e-b56d-b097b5fe4b71');
INSERT INTO dbo.CohortFacetExpectation ([Id], [CohortId],  [FacetId], [ExpectationId]) VALUES ('2b89535b-1715-4414-9c7e-87f456a62c55', 'bc4a9889-f73f-4554-957d-cede1e601a05', 'f4e27e93-503b-41ba-b4da-ce7f7e3c831f', 'c8367984-6c1f-455e-b56d-b097b5fe4b71');
INSERT INTO dbo.CohortFacetExpectation ([Id], [CohortId],  [FacetId], [ExpectationId]) VALUES ('e54cfb9f-d974-4f81-af3e-cf092717d571', 'd47904dc-b77c-4143-9a0e-a006d8b881f5', 'f4e27e93-503b-41ba-b4da-ce7f7e3c831f', 'b243d4e4-c3cb-445d-9675-223c851d6ee2');
INSERT INTO dbo.CohortFacetExpectation ([Id], [CohortId],  [FacetId], [ExpectationId]) VALUES ('62c3c5b5-f72c-4a07-b397-20766585e721', '591211ee-689f-46e9-917c-8f9a04eb7546', '3226b686-9aea-4178-955b-93340913a7cc', '4b728bab-db58-4af2-b84b-751c2e298b17');
INSERT INTO dbo.CohortFacetExpectation ([Id], [CohortId],  [FacetId], [ExpectationId]) VALUES ('92bce2af-74b0-4693-9ab2-30a15a870f42', '732a1a53-a6dc-49be-a18c-a1671de58f6d', '3226b686-9aea-4178-955b-93340913a7cc', '4b728bab-db58-4af2-b84b-751c2e298b17');
INSERT INTO dbo.CohortFacetExpectation ([Id], [CohortId],  [FacetId], [ExpectationId]) VALUES ('0d78c77b-8510-4b77-b19d-ed0aae124cad', '66237380-cd06-4cae-848e-fc14638047b8', '3226b686-9aea-4178-955b-93340913a7cc', '61cecaaf-c8f9-4a4c-9131-eecdec81a83d');
INSERT INTO dbo.CohortFacetExpectation ([Id], [CohortId],  [FacetId], [ExpectationId]) VALUES ('7559e712-c712-4ce3-837d-153b31a15a01', 'acdb76f6-fefb-4c4e-b8af-5eb79f1cbf98', '3226b686-9aea-4178-955b-93340913a7cc', '61cecaaf-c8f9-4a4c-9131-eecdec81a83d');
INSERT INTO dbo.CohortFacetExpectation ([Id], [CohortId],  [FacetId], [ExpectationId]) VALUES ('3e31d568-5b1f-49f6-b5aa-667d0019c244', '0d8ac0ab-ca46-4f07-8baa-2c0e1798cdcc', '3226b686-9aea-4178-955b-93340913a7cc', 'e4a077c2-c45d-4d3c-8609-baaf04a6d6be');
INSERT INTO dbo.CohortFacetExpectation ([Id], [CohortId],  [FacetId], [ExpectationId]) VALUES ('1911cf0e-9b45-4378-ad55-3bda2179fcad', '9d3d1201-eca6-424e-942b-82e48d2476c0', '3226b686-9aea-4178-955b-93340913a7cc', 'd98f70d2-3fb1-40b6-866b-dd470a2684a2');
INSERT INTO dbo.CohortFacetExpectation ([Id], [CohortId],  [FacetId], [ExpectationId]) VALUES ('de99152e-ac42-4f63-817a-48b8daabe0dc', '9a4f5330-2668-492c-9109-8d752f6081b1', '3226b686-9aea-4178-955b-93340913a7cc', '64755662-a6cc-4ee4-ab34-5be652705093');
INSERT INTO dbo.CohortFacetExpectation ([Id], [CohortId],  [FacetId], [ExpectationId]) VALUES ('bfb4a8e3-a1d5-4a2f-bad0-1bc54a49c153', 'f2a8dc4e-525b-4479-b83e-44a7139b4a58', '3226b686-9aea-4178-955b-93340913a7cc', '1335f16e-dc00-4ac4-9dac-f7a81ac87991');
INSERT INTO dbo.CohortFacetExpectation ([Id], [CohortId],  [FacetId], [ExpectationId]) VALUES ('92bfd74f-5e42-4225-aa13-4ecaff1b8f94', '4702fd60-3c68-4b73-998f-1b779449c89e', '3226b686-9aea-4178-955b-93340913a7cc', 'd8f1d3c7-4a48-471f-9c32-0a4daa8abee0');
INSERT INTO dbo.CohortFacetExpectation ([Id], [CohortId],  [FacetId], [ExpectationId]) VALUES ('903dfa0d-26fc-46e8-bb06-91f7e9a3fbf9', '966a4f33-c515-414d-b7dc-9606040697ca', '3226b686-9aea-4178-955b-93340913a7cc', 'd8f1d3c7-4a48-471f-9c32-0a4daa8abee0');
INSERT INTO dbo.CohortFacetExpectation ([Id], [CohortId],  [FacetId], [ExpectationId]) VALUES ('b80c226f-3e74-4a05-9444-a4802d4444ef', '32ff7205-fe59-4ce6-8eb7-017d7e84f7c0', '3226b686-9aea-4178-955b-93340913a7cc', '7fc5d581-e948-4f8b-b3ba-10c7d59fc572');
INSERT INTO dbo.CohortFacetExpectation ([Id], [CohortId],  [FacetId], [ExpectationId]) VALUES ('b644d321-2793-44f5-b593-fb9f5d523362', 'e575e2ba-2dde-45c5-b1bc-081a407ae49c', '3226b686-9aea-4178-955b-93340913a7cc', '68e5ffa2-ff1e-4461-961d-2a9a5050c182');
INSERT INTO dbo.CohortFacetExpectation ([Id], [CohortId],  [FacetId], [ExpectationId]) VALUES ('724e8925-509e-420b-8ba6-d65f450828f9', 'bc4a9889-f73f-4554-957d-cede1e601a05', '3226b686-9aea-4178-955b-93340913a7cc', '68e5ffa2-ff1e-4461-961d-2a9a5050c182');
INSERT INTO dbo.CohortFacetExpectation ([Id], [CohortId],  [FacetId], [ExpectationId]) VALUES ('147c7e17-ff53-4bab-9487-5ac2444e38ff', 'd47904dc-b77c-4143-9a0e-a006d8b881f5', '3226b686-9aea-4178-955b-93340913a7cc', '41847da9-d2d9-4fa8-a9b1-9c900c1c76c8');
INSERT INTO dbo.CohortFacetExpectation ([Id], [CohortId],  [FacetId], [ExpectationId]) VALUES ('ef35ff6f-3213-411b-8f8b-c93d3cfd4c16', '591211ee-689f-46e9-917c-8f9a04eb7546', 'b1862194-43b4-499a-80ef-51a9a19f0ddf', '0aca18b8-8b11-404e-ad4e-458e74b70c5e');
INSERT INTO dbo.CohortFacetExpectation ([Id], [CohortId],  [FacetId], [ExpectationId]) VALUES ('b9f8539f-5366-4b77-9053-dfa349635bbd', '732a1a53-a6dc-49be-a18c-a1671de58f6d', 'b1862194-43b4-499a-80ef-51a9a19f0ddf', '0aca18b8-8b11-404e-ad4e-458e74b70c5e');
INSERT INTO dbo.CohortFacetExpectation ([Id], [CohortId],  [FacetId], [ExpectationId]) VALUES ('4f542860-51f1-4f8b-8a64-033e9e1673de', '66237380-cd06-4cae-848e-fc14638047b8', 'b1862194-43b4-499a-80ef-51a9a19f0ddf', 'b3bde220-d008-45a1-af54-26c106e1fbff');
INSERT INTO dbo.CohortFacetExpectation ([Id], [CohortId],  [FacetId], [ExpectationId]) VALUES ('41da9738-0e3b-4eb5-8ed5-d33aac88eddf', 'acdb76f6-fefb-4c4e-b8af-5eb79f1cbf98', 'b1862194-43b4-499a-80ef-51a9a19f0ddf', 'b3bde220-d008-45a1-af54-26c106e1fbff');
INSERT INTO dbo.CohortFacetExpectation ([Id], [CohortId],  [FacetId], [ExpectationId]) VALUES ('2a6786ed-1a56-4641-8639-71edfb310eef', '0d8ac0ab-ca46-4f07-8baa-2c0e1798cdcc', 'b1862194-43b4-499a-80ef-51a9a19f0ddf', 'b3bde220-d008-45a1-af54-26c106e1fbff');
INSERT INTO dbo.CohortFacetExpectation ([Id], [CohortId],  [FacetId], [ExpectationId]) VALUES ('1133e74f-19d9-48a5-a30b-51282570b4f7', '9d3d1201-eca6-424e-942b-82e48d2476c0', 'b1862194-43b4-499a-80ef-51a9a19f0ddf', 'b3bde220-d008-45a1-af54-26c106e1fbff');
INSERT INTO dbo.CohortFacetExpectation ([Id], [CohortId],  [FacetId], [ExpectationId]) VALUES ('383ff806-a3ef-4098-b06e-c952beace1bd', '9a4f5330-2668-492c-9109-8d752f6081b1', 'b1862194-43b4-499a-80ef-51a9a19f0ddf', '40917bf4-38cb-426a-a700-305eecc3038b');
INSERT INTO dbo.CohortFacetExpectation ([Id], [CohortId],  [FacetId], [ExpectationId]) VALUES ('33be7371-5fe6-48d0-838a-f62726026c03', 'f2a8dc4e-525b-4479-b83e-44a7139b4a58', 'b1862194-43b4-499a-80ef-51a9a19f0ddf', '40917bf4-38cb-426a-a700-305eecc3038b');
INSERT INTO dbo.CohortFacetExpectation ([Id], [CohortId],  [FacetId], [ExpectationId]) VALUES ('668a772d-d64c-4a76-b5ab-97aef073dd1f', '4702fd60-3c68-4b73-998f-1b779449c89e', 'b1862194-43b4-499a-80ef-51a9a19f0ddf', '40917bf4-38cb-426a-a700-305eecc3038b');
INSERT INTO dbo.CohortFacetExpectation ([Id], [CohortId],  [FacetId], [ExpectationId]) VALUES ('667cf070-66cb-4b6a-9105-75d9d4d1f2d5', '966a4f33-c515-414d-b7dc-9606040697ca', 'b1862194-43b4-499a-80ef-51a9a19f0ddf', 'e50fe4e5-3314-4213-9aa2-e04d1e2afd84');
INSERT INTO dbo.CohortFacetExpectation ([Id], [CohortId],  [FacetId], [ExpectationId]) VALUES ('e51ea8fa-801c-432f-b556-63f54a4fe210', '32ff7205-fe59-4ce6-8eb7-017d7e84f7c0', 'b1862194-43b4-499a-80ef-51a9a19f0ddf', 'e50fe4e5-3314-4213-9aa2-e04d1e2afd84');
INSERT INTO dbo.CohortFacetExpectation ([Id], [CohortId],  [FacetId], [ExpectationId]) VALUES ('8bce7ae4-daff-4123-bcbc-bcf0e2125057', 'e575e2ba-2dde-45c5-b1bc-081a407ae49c', 'b1862194-43b4-499a-80ef-51a9a19f0ddf', 'b5760672-2e45-4672-962d-d57c29ad0112');
INSERT INTO dbo.CohortFacetExpectation ([Id], [CohortId],  [FacetId], [ExpectationId]) VALUES ('55205cbe-b884-4d09-b1b5-bbeb104ca7fd', 'bc4a9889-f73f-4554-957d-cede1e601a05', 'b1862194-43b4-499a-80ef-51a9a19f0ddf', 'b5760672-2e45-4672-962d-d57c29ad0112');
INSERT INTO dbo.CohortFacetExpectation ([Id], [CohortId],  [FacetId], [ExpectationId]) VALUES ('58aa398b-7710-4ac2-b2da-86c218ffcc9d', 'd47904dc-b77c-4143-9a0e-a006d8b881f5', 'b1862194-43b4-499a-80ef-51a9a19f0ddf', 'b5760672-2e45-4672-962d-d57c29ad0112');
INSERT INTO dbo.CohortFacetExpectation ([Id], [CohortId],  [FacetId], [ExpectationId]) VALUES ('8f5845ea-7ca8-49cc-b5aa-d7cd13b0d47a', '591211ee-689f-46e9-917c-8f9a04eb7546', '02163b23-d8ea-4495-b014-efcebc31d6bf', '6a9c7fde-63e1-42be-a397-5bfa687d9fc2');
INSERT INTO dbo.CohortFacetExpectation ([Id], [CohortId],  [FacetId], [ExpectationId]) VALUES ('a4933034-7dba-4bb7-9d96-4aa5cec78be1', '732a1a53-a6dc-49be-a18c-a1671de58f6d', '02163b23-d8ea-4495-b014-efcebc31d6bf', '6a9c7fde-63e1-42be-a397-5bfa687d9fc2');
INSERT INTO dbo.CohortFacetExpectation ([Id], [CohortId],  [FacetId], [ExpectationId]) VALUES ('e7e690cf-6635-4bc5-9b60-6cb83c158a2a', '66237380-cd06-4cae-848e-fc14638047b8', '02163b23-d8ea-4495-b014-efcebc31d6bf', '6a9c7fde-63e1-42be-a397-5bfa687d9fc2');
INSERT INTO dbo.CohortFacetExpectation ([Id], [CohortId],  [FacetId], [ExpectationId]) VALUES ('a82a89d7-f79a-405d-b5b8-52355d6d7306', 'acdb76f6-fefb-4c4e-b8af-5eb79f1cbf98', '02163b23-d8ea-4495-b014-efcebc31d6bf', '6a9c7fde-63e1-42be-a397-5bfa687d9fc2');
INSERT INTO dbo.CohortFacetExpectation ([Id], [CohortId],  [FacetId], [ExpectationId]) VALUES ('738f8cde-e256-4979-bfbe-b2481b06646d', '0d8ac0ab-ca46-4f07-8baa-2c0e1798cdcc', '02163b23-d8ea-4495-b014-efcebc31d6bf', '5b3b0492-0d5f-4cf5-8026-f983380fa0dd');
INSERT INTO dbo.CohortFacetExpectation ([Id], [CohortId],  [FacetId], [ExpectationId]) VALUES ('7b5f3524-3b60-4237-b582-007552884797', '9d3d1201-eca6-424e-942b-82e48d2476c0', '02163b23-d8ea-4495-b014-efcebc31d6bf', 'def77774-66ed-499e-bd2d-9e11fde6e82c');
INSERT INTO dbo.CohortFacetExpectation ([Id], [CohortId],  [FacetId], [ExpectationId]) VALUES ('3d525867-1563-47ca-9a32-d9f57d69cdf1', '9a4f5330-2668-492c-9109-8d752f6081b1', '02163b23-d8ea-4495-b014-efcebc31d6bf', 'ba51fff9-7ae0-4d25-bfcc-cb1d7435f7a8');
INSERT INTO dbo.CohortFacetExpectation ([Id], [CohortId],  [FacetId], [ExpectationId]) VALUES ('bccb95ce-cbd1-4830-995d-0f7504413dd9', 'f2a8dc4e-525b-4479-b83e-44a7139b4a58', '02163b23-d8ea-4495-b014-efcebc31d6bf', 'f9a70113-80eb-46b5-8a5c-cdbb4f901620');
INSERT INTO dbo.CohortFacetExpectation ([Id], [CohortId],  [FacetId], [ExpectationId]) VALUES ('1b4a6d80-d1c0-41b5-9d09-d442b7dbe599', '4702fd60-3c68-4b73-998f-1b779449c89e', '02163b23-d8ea-4495-b014-efcebc31d6bf', '851a72f9-bf09-4772-9433-8ce9e032757a');
INSERT INTO dbo.CohortFacetExpectation ([Id], [CohortId],  [FacetId], [ExpectationId]) VALUES ('997bd586-9e04-4d3d-9c4d-d580b1bec840', '966a4f33-c515-414d-b7dc-9606040697ca', '02163b23-d8ea-4495-b014-efcebc31d6bf', 'c9215cde-9736-4fc7-b1fe-d596e4dc813e');
INSERT INTO dbo.CohortFacetExpectation ([Id], [CohortId],  [FacetId], [ExpectationId]) VALUES ('ff419a62-3444-47fc-9b6e-c59b703f8524', '32ff7205-fe59-4ce6-8eb7-017d7e84f7c0', '02163b23-d8ea-4495-b014-efcebc31d6bf', 'f3537792-fd6c-4f76-bb6a-861f906c51f2');
INSERT INTO dbo.CohortFacetExpectation ([Id], [CohortId],  [FacetId], [ExpectationId]) VALUES ('f5debb41-dc84-4a55-8ee2-33c8ea123e1c', 'e575e2ba-2dde-45c5-b1bc-081a407ae49c', '02163b23-d8ea-4495-b014-efcebc31d6bf', 'da193abd-cf52-4924-9c3d-6949408ec81a');
INSERT INTO dbo.CohortFacetExpectation ([Id], [CohortId],  [FacetId], [ExpectationId]) VALUES ('50356694-46ec-471d-8459-912ae288cb63', 'bc4a9889-f73f-4554-957d-cede1e601a05', '02163b23-d8ea-4495-b014-efcebc31d6bf', 'da193abd-cf52-4924-9c3d-6949408ec81a');
INSERT INTO dbo.CohortFacetExpectation ([Id], [CohortId],  [FacetId], [ExpectationId]) VALUES ('6e721911-4f77-49f2-b699-b9f57e87ef2d', 'd47904dc-b77c-4143-9a0e-a006d8b881f5', '02163b23-d8ea-4495-b014-efcebc31d6bf', 'da193abd-cf52-4924-9c3d-6949408ec81a');
INSERT INTO dbo.CohortFacetExpectation ([Id], [CohortId],  [FacetId], [ExpectationId]) VALUES ('1b10e3ca-1113-4271-ac38-de7c380fe691', '591211ee-689f-46e9-917c-8f9a04eb7546', 'eee4926a-29a2-4a04-8016-b4e725e83279', '8a667feb-8a0e-4881-8b18-c0ca1ac004ff');
INSERT INTO dbo.CohortFacetExpectation ([Id], [CohortId],  [FacetId], [ExpectationId]) VALUES ('8608e916-62e4-4654-a903-7b6a395c0665', '732a1a53-a6dc-49be-a18c-a1671de58f6d', 'eee4926a-29a2-4a04-8016-b4e725e83279', '8a667feb-8a0e-4881-8b18-c0ca1ac004ff');
INSERT INTO dbo.CohortFacetExpectation ([Id], [CohortId],  [FacetId], [ExpectationId]) VALUES ('69c85c34-04a2-4fde-83d5-7e8bd37c731f', '66237380-cd06-4cae-848e-fc14638047b8', 'eee4926a-29a2-4a04-8016-b4e725e83279', '8a667feb-8a0e-4881-8b18-c0ca1ac004ff');
INSERT INTO dbo.CohortFacetExpectation ([Id], [CohortId],  [FacetId], [ExpectationId]) VALUES ('40742e23-b6a1-4e3f-ae11-28740d63855e', 'acdb76f6-fefb-4c4e-b8af-5eb79f1cbf98', 'eee4926a-29a2-4a04-8016-b4e725e83279', '8a667feb-8a0e-4881-8b18-c0ca1ac004ff');
INSERT INTO dbo.CohortFacetExpectation ([Id], [CohortId],  [FacetId], [ExpectationId]) VALUES ('1372e57c-2e6d-4658-8c0b-1a00e55b2eef', '0d8ac0ab-ca46-4f07-8baa-2c0e1798cdcc', 'eee4926a-29a2-4a04-8016-b4e725e83279', '625aad76-80f1-47d5-80d4-ee2c777ec73e');
INSERT INTO dbo.CohortFacetExpectation ([Id], [CohortId],  [FacetId], [ExpectationId]) VALUES ('84175a33-d7f1-41f3-a7a9-d3d59d204864', '9d3d1201-eca6-424e-942b-82e48d2476c0', 'eee4926a-29a2-4a04-8016-b4e725e83279', '17719429-a978-4343-b114-20e175076889');
INSERT INTO dbo.CohortFacetExpectation ([Id], [CohortId],  [FacetId], [ExpectationId]) VALUES ('6d86409c-1b67-44b4-98ee-98cf92cf3cfc', '9a4f5330-2668-492c-9109-8d752f6081b1', 'eee4926a-29a2-4a04-8016-b4e725e83279', '17719429-a978-4343-b114-20e175076889');
INSERT INTO dbo.CohortFacetExpectation ([Id], [CohortId],  [FacetId], [ExpectationId]) VALUES ('29d2c533-8d49-443d-b460-825a29a8e718', 'f2a8dc4e-525b-4479-b83e-44a7139b4a58', 'eee4926a-29a2-4a04-8016-b4e725e83279', '14b406b0-a74a-408a-a01f-b423e7e30c7f');
INSERT INTO dbo.CohortFacetExpectation ([Id], [CohortId],  [FacetId], [ExpectationId]) VALUES ('d37f49fd-5282-4896-a937-e2edbfc18531', '4702fd60-3c68-4b73-998f-1b779449c89e', 'eee4926a-29a2-4a04-8016-b4e725e83279', '14b406b0-a74a-408a-a01f-b423e7e30c7f');
INSERT INTO dbo.CohortFacetExpectation ([Id], [CohortId],  [FacetId], [ExpectationId]) VALUES ('da678f57-39a8-4ff7-8be0-20afe77333f9', '966a4f33-c515-414d-b7dc-9606040697ca', 'eee4926a-29a2-4a04-8016-b4e725e83279', '675fb2ee-412b-4c26-a3fc-303b94f0c470');
INSERT INTO dbo.CohortFacetExpectation ([Id], [CohortId],  [FacetId], [ExpectationId]) VALUES ('39b7922b-6e56-4f51-a20c-d759750b9bac', '32ff7205-fe59-4ce6-8eb7-017d7e84f7c0', 'eee4926a-29a2-4a04-8016-b4e725e83279', '675fb2ee-412b-4c26-a3fc-303b94f0c470');
INSERT INTO dbo.CohortFacetExpectation ([Id], [CohortId],  [FacetId], [ExpectationId]) VALUES ('ed0aa6a9-482b-430e-a0b9-b69538215e81', 'e575e2ba-2dde-45c5-b1bc-081a407ae49c', 'eee4926a-29a2-4a04-8016-b4e725e83279', 'ae3a5ffb-c80f-443d-aeb2-58428d8c4169');
INSERT INTO dbo.CohortFacetExpectation ([Id], [CohortId],  [FacetId], [ExpectationId]) VALUES ('78ec9820-fd43-4b7a-afc4-8d99fe1723bf', 'bc4a9889-f73f-4554-957d-cede1e601a05', 'eee4926a-29a2-4a04-8016-b4e725e83279', 'ae3a5ffb-c80f-443d-aeb2-58428d8c4169');
INSERT INTO dbo.CohortFacetExpectation ([Id], [CohortId],  [FacetId], [ExpectationId]) VALUES ('7255aa5a-fe97-4c6a-bb6f-221c32505c3f', 'd47904dc-b77c-4143-9a0e-a006d8b881f5', 'eee4926a-29a2-4a04-8016-b4e725e83279', 'ae3a5ffb-c80f-443d-aeb2-58428d8c4169');
INSERT INTO dbo.CohortFacetExpectation ([Id], [CohortId],  [FacetId], [ExpectationId]) VALUES ('4b28873d-732d-4671-a131-dca34edb8a87', '591211ee-689f-46e9-917c-8f9a04eb7546', '45d1010b-8f05-4bab-8362-2bf97341a031', 'e9022e02-4b56-455f-a83c-d8cc9e3ddf42');
INSERT INTO dbo.CohortFacetExpectation ([Id], [CohortId],  [FacetId], [ExpectationId]) VALUES ('a06ceb10-893a-4ea9-a7de-1aebb6de6c91', '732a1a53-a6dc-49be-a18c-a1671de58f6d', '45d1010b-8f05-4bab-8362-2bf97341a031', 'e9022e02-4b56-455f-a83c-d8cc9e3ddf42');
INSERT INTO dbo.CohortFacetExpectation ([Id], [CohortId],  [FacetId], [ExpectationId]) VALUES ('b505883e-7ad9-42e5-b664-5d0618cb44a7', '66237380-cd06-4cae-848e-fc14638047b8', '45d1010b-8f05-4bab-8362-2bf97341a031', '08569f47-795d-4a38-a906-1eff43c376f0');
INSERT INTO dbo.CohortFacetExpectation ([Id], [CohortId],  [FacetId], [ExpectationId]) VALUES ('86440ad2-37bc-47a1-905b-d4569a09619c', 'acdb76f6-fefb-4c4e-b8af-5eb79f1cbf98', '45d1010b-8f05-4bab-8362-2bf97341a031', '08569f47-795d-4a38-a906-1eff43c376f0');
INSERT INTO dbo.CohortFacetExpectation ([Id], [CohortId],  [FacetId], [ExpectationId]) VALUES ('7051a464-6e0d-4fb7-9b8f-c4c2b4173ef2', '0d8ac0ab-ca46-4f07-8baa-2c0e1798cdcc', '45d1010b-8f05-4bab-8362-2bf97341a031', 'f5606606-e4a8-4911-9bde-dc03805a6637');
INSERT INTO dbo.CohortFacetExpectation ([Id], [CohortId],  [FacetId], [ExpectationId]) VALUES ('489abead-aa8a-410d-ad95-ff9257681586', '9d3d1201-eca6-424e-942b-82e48d2476c0', '45d1010b-8f05-4bab-8362-2bf97341a031', 'f1147c8c-fbf3-4d92-8be5-877a6921473e');
INSERT INTO dbo.CohortFacetExpectation ([Id], [CohortId],  [FacetId], [ExpectationId]) VALUES ('18c8f037-22d8-4491-859e-34d94a62805a', '9a4f5330-2668-492c-9109-8d752f6081b1', '45d1010b-8f05-4bab-8362-2bf97341a031', 'd88b0b5a-8689-4571-8126-d1318c025230');
INSERT INTO dbo.CohortFacetExpectation ([Id], [CohortId],  [FacetId], [ExpectationId]) VALUES ('a0afe527-c6a0-4f97-b17a-95a1604cb634', 'f2a8dc4e-525b-4479-b83e-44a7139b4a58', '45d1010b-8f05-4bab-8362-2bf97341a031', '1b9c5885-9ada-4268-87a7-00a4f6bfdbf1');
INSERT INTO dbo.CohortFacetExpectation ([Id], [CohortId],  [FacetId], [ExpectationId]) VALUES ('07ddc585-9f68-43b1-8ee7-d08b51372550', '4702fd60-3c68-4b73-998f-1b779449c89e', '45d1010b-8f05-4bab-8362-2bf97341a031', '1b9c5885-9ada-4268-87a7-00a4f6bfdbf1');
INSERT INTO dbo.CohortFacetExpectation ([Id], [CohortId],  [FacetId], [ExpectationId]) VALUES ('df6f7d0a-6210-4948-aaf6-096925ead653', '966a4f33-c515-414d-b7dc-9606040697ca', '45d1010b-8f05-4bab-8362-2bf97341a031', 'e45e136b-723b-4579-8c69-e2c7075d63b3');
INSERT INTO dbo.CohortFacetExpectation ([Id], [CohortId],  [FacetId], [ExpectationId]) VALUES ('9a9d3ce8-07e6-4393-91ac-59be5d3162f1', '32ff7205-fe59-4ce6-8eb7-017d7e84f7c0', '45d1010b-8f05-4bab-8362-2bf97341a031', '6e93652a-65b1-4c7f-868c-195f132e82ff');
INSERT INTO dbo.CohortFacetExpectation ([Id], [CohortId],  [FacetId], [ExpectationId]) VALUES ('0433a772-eca3-41f0-a198-b9185b329ca3', 'e575e2ba-2dde-45c5-b1bc-081a407ae49c', '45d1010b-8f05-4bab-8362-2bf97341a031', 'a5709b01-0a05-4249-b679-2dc37e7069b8');
INSERT INTO dbo.CohortFacetExpectation ([Id], [CohortId],  [FacetId], [ExpectationId]) VALUES ('7d7b1864-4456-4bf7-802b-625cfdfe1356', 'bc4a9889-f73f-4554-957d-cede1e601a05', '45d1010b-8f05-4bab-8362-2bf97341a031', 'a5709b01-0a05-4249-b679-2dc37e7069b8');
INSERT INTO dbo.CohortFacetExpectation ([Id], [CohortId],  [FacetId], [ExpectationId]) VALUES ('61df2198-5344-4c59-9bfa-1a0418ec18cd', 'd47904dc-b77c-4143-9a0e-a006d8b881f5', '45d1010b-8f05-4bab-8362-2bf97341a031', 'b7facaff-7299-4399-ae5c-4d109f715dfd');
INSERT INTO dbo.CohortFacetExpectation ([Id], [CohortId],  [FacetId], [ExpectationId]) VALUES ('908e9ce3-3959-47f6-ab60-ca20788a0083', '591211ee-689f-46e9-917c-8f9a04eb7546', '1388970f-bc09-4481-9edc-e856c6161528', '02db955b-d917-4e88-807e-bcc08b10ff3b');
INSERT INTO dbo.CohortFacetExpectation ([Id], [CohortId],  [FacetId], [ExpectationId]) VALUES ('af845a44-7a82-453b-a690-0e0250063500', '732a1a53-a6dc-49be-a18c-a1671de58f6d', '1388970f-bc09-4481-9edc-e856c6161528', '02db955b-d917-4e88-807e-bcc08b10ff3b');
INSERT INTO dbo.CohortFacetExpectation ([Id], [CohortId],  [FacetId], [ExpectationId]) VALUES ('e72f8db9-903f-406e-ada4-b2c02aaa3c54', '66237380-cd06-4cae-848e-fc14638047b8', '1388970f-bc09-4481-9edc-e856c6161528', '87ca3b7e-c58b-4e0c-85ad-20ef260a50ae');
INSERT INTO dbo.CohortFacetExpectation ([Id], [CohortId],  [FacetId], [ExpectationId]) VALUES ('451d4416-a41a-4c85-acc0-0342bdbbac84', 'acdb76f6-fefb-4c4e-b8af-5eb79f1cbf98', '1388970f-bc09-4481-9edc-e856c6161528', '87ca3b7e-c58b-4e0c-85ad-20ef260a50ae');
INSERT INTO dbo.CohortFacetExpectation ([Id], [CohortId],  [FacetId], [ExpectationId]) VALUES ('37cd24b6-f095-4d5c-9fca-ef0b86a636ab', '0d8ac0ab-ca46-4f07-8baa-2c0e1798cdcc', '1388970f-bc09-4481-9edc-e856c6161528', '45ab5116-2eaf-4f9a-9d20-dad7ae24a49e');
INSERT INTO dbo.CohortFacetExpectation ([Id], [CohortId],  [FacetId], [ExpectationId]) VALUES ('cfabb59c-0888-4596-b298-3eca2bd6ec03', '9d3d1201-eca6-424e-942b-82e48d2476c0', '1388970f-bc09-4481-9edc-e856c6161528', '0fe606e4-4a5c-4eef-b1bd-83cc59798edb');
INSERT INTO dbo.CohortFacetExpectation ([Id], [CohortId],  [FacetId], [ExpectationId]) VALUES ('40ee2ec8-aacf-444b-8f89-0119c0691091', '9a4f5330-2668-492c-9109-8d752f6081b1', '1388970f-bc09-4481-9edc-e856c6161528', '8d26f6a1-5342-45b2-868a-6f6868c5d6f1');
INSERT INTO dbo.CohortFacetExpectation ([Id], [CohortId],  [FacetId], [ExpectationId]) VALUES ('087140ef-1c79-4b08-a28c-a72398635d80', 'f2a8dc4e-525b-4479-b83e-44a7139b4a58', '1388970f-bc09-4481-9edc-e856c6161528', '91faafa9-dff9-4f99-9e2d-2d73b8006bca');
INSERT INTO dbo.CohortFacetExpectation ([Id], [CohortId],  [FacetId], [ExpectationId]) VALUES ('0cd19d7e-6091-400e-8c95-6104e7580be6', '4702fd60-3c68-4b73-998f-1b779449c89e', '1388970f-bc09-4481-9edc-e856c6161528', '91faafa9-dff9-4f99-9e2d-2d73b8006bca');
INSERT INTO dbo.CohortFacetExpectation ([Id], [CohortId],  [FacetId], [ExpectationId]) VALUES ('546348c4-b5ac-4554-88fc-3af604afa264', '966a4f33-c515-414d-b7dc-9606040697ca', '1388970f-bc09-4481-9edc-e856c6161528', '8370583c-291e-432f-862c-b371252d8942');
INSERT INTO dbo.CohortFacetExpectation ([Id], [CohortId],  [FacetId], [ExpectationId]) VALUES ('78e85e8f-1b60-42ec-9ffa-1f97df0c70d4', '32ff7205-fe59-4ce6-8eb7-017d7e84f7c0', '1388970f-bc09-4481-9edc-e856c6161528', '903fa6f9-6a75-48b6-b38d-c5f34fee3c98');
INSERT INTO dbo.CohortFacetExpectation ([Id], [CohortId],  [FacetId], [ExpectationId]) VALUES ('dc0bc613-0a9c-44c8-8e47-f4fd541f2590', 'e575e2ba-2dde-45c5-b1bc-081a407ae49c', '1388970f-bc09-4481-9edc-e856c6161528', '348ff58b-6daa-4661-aefb-4e2994c9124c');
INSERT INTO dbo.CohortFacetExpectation ([Id], [CohortId],  [FacetId], [ExpectationId]) VALUES ('72cadcc8-88a5-47c0-9119-52bdec8bf7ef', 'bc4a9889-f73f-4554-957d-cede1e601a05', '1388970f-bc09-4481-9edc-e856c6161528', '789fc3ef-f86c-4dd4-a262-29102fd59f52');
INSERT INTO dbo.CohortFacetExpectation ([Id], [CohortId],  [FacetId], [ExpectationId]) VALUES ('bf31e357-6d7e-462b-842e-387f7f3e39f5', 'd47904dc-b77c-4143-9a0e-a006d8b881f5', '1388970f-bc09-4481-9edc-e856c6161528', '9875bc4d-d355-4d0f-bfd4-65168ce90198');
INSERT INTO dbo.CohortFacetExpectation ([Id], [CohortId],  [FacetId], [ExpectationId]) VALUES ('28aaca39-32ba-4772-9112-5fa59f0068eb', '591211ee-689f-46e9-917c-8f9a04eb7546', 'aef5d13b-b1ce-49db-8d65-d449b391ec3e', '8fa9bf86-a17d-4ac0-86ab-a17ed03713cd');
INSERT INTO dbo.CohortFacetExpectation ([Id], [CohortId],  [FacetId], [ExpectationId]) VALUES ('62806f11-ee12-4ca4-baed-4593b728f5c1', '732a1a53-a6dc-49be-a18c-a1671de58f6d', 'aef5d13b-b1ce-49db-8d65-d449b391ec3e', 'f90103f7-af58-477e-b3cb-b198610733e8');
INSERT INTO dbo.CohortFacetExpectation ([Id], [CohortId],  [FacetId], [ExpectationId]) VALUES ('993ccaa8-c0d1-43f1-a8f9-d99fde8bfac1', '66237380-cd06-4cae-848e-fc14638047b8', 'aef5d13b-b1ce-49db-8d65-d449b391ec3e', 'f90103f7-af58-477e-b3cb-b198610733e8');
INSERT INTO dbo.CohortFacetExpectation ([Id], [CohortId],  [FacetId], [ExpectationId]) VALUES ('bba0ab28-c097-4f60-bb38-40418ce3152f', 'acdb76f6-fefb-4c4e-b8af-5eb79f1cbf98', 'aef5d13b-b1ce-49db-8d65-d449b391ec3e', 'f90103f7-af58-477e-b3cb-b198610733e8');
INSERT INTO dbo.CohortFacetExpectation ([Id], [CohortId],  [FacetId], [ExpectationId]) VALUES ('dd7d0cec-389a-421e-8d2c-16f009e6b710', '0d8ac0ab-ca46-4f07-8baa-2c0e1798cdcc', 'aef5d13b-b1ce-49db-8d65-d449b391ec3e', 'c589dab4-a274-4a80-8e2f-662f5c2234fa');
INSERT INTO dbo.CohortFacetExpectation ([Id], [CohortId],  [FacetId], [ExpectationId]) VALUES ('43fbb8fd-adb7-4931-89de-d16c33cd1c63', '9d3d1201-eca6-424e-942b-82e48d2476c0', 'aef5d13b-b1ce-49db-8d65-d449b391ec3e', '98cd9afc-328a-435e-bf83-8f2c4de01335');
INSERT INTO dbo.CohortFacetExpectation ([Id], [CohortId],  [FacetId], [ExpectationId]) VALUES ('0688a56a-4522-432d-8bf2-12bd343808f5', '9a4f5330-2668-492c-9109-8d752f6081b1', 'aef5d13b-b1ce-49db-8d65-d449b391ec3e', '98cd9afc-328a-435e-bf83-8f2c4de01335');
INSERT INTO dbo.CohortFacetExpectation ([Id], [CohortId],  [FacetId], [ExpectationId]) VALUES ('ba949abe-a26e-40b6-9ff3-db36fd06af30', 'f2a8dc4e-525b-4479-b83e-44a7139b4a58', 'aef5d13b-b1ce-49db-8d65-d449b391ec3e', 'c78f24e8-1494-4c5f-bc64-f2e68454dd12');
INSERT INTO dbo.CohortFacetExpectation ([Id], [CohortId],  [FacetId], [ExpectationId]) VALUES ('d83cc5aa-af53-470e-ac9d-9d4202088c6a', '4702fd60-3c68-4b73-998f-1b779449c89e', 'aef5d13b-b1ce-49db-8d65-d449b391ec3e', 'fcd2b6c4-8747-4d12-9396-529c76af1e88');
INSERT INTO dbo.CohortFacetExpectation ([Id], [CohortId],  [FacetId], [ExpectationId]) VALUES ('428bb6df-939e-49f1-8bad-1a5962addb0e', '966a4f33-c515-414d-b7dc-9606040697ca', 'aef5d13b-b1ce-49db-8d65-d449b391ec3e', '801184c1-5531-418a-94f9-6b356a82fca6');
INSERT INTO dbo.CohortFacetExpectation ([Id], [CohortId],  [FacetId], [ExpectationId]) VALUES ('8140b339-136e-4375-8c97-91d769a87dc8', '32ff7205-fe59-4ce6-8eb7-017d7e84f7c0', 'aef5d13b-b1ce-49db-8d65-d449b391ec3e', '5f057570-7931-4f15-b53b-3e75ac4766fd');
INSERT INTO dbo.CohortFacetExpectation ([Id], [CohortId],  [FacetId], [ExpectationId]) VALUES ('25987651-4344-433e-a415-8469ee2a7269', 'e575e2ba-2dde-45c5-b1bc-081a407ae49c', 'aef5d13b-b1ce-49db-8d65-d449b391ec3e', 'cd416ed9-78de-436a-9503-ef193ab48ab1');
INSERT INTO dbo.CohortFacetExpectation ([Id], [CohortId],  [FacetId], [ExpectationId]) VALUES ('d61bad7d-5cfb-4682-99a1-42f3d278b0ba', 'bc4a9889-f73f-4554-957d-cede1e601a05', 'aef5d13b-b1ce-49db-8d65-d449b391ec3e', '934f1df9-d12e-4ca7-8f60-4b6d53257ead');
INSERT INTO dbo.CohortFacetExpectation ([Id], [CohortId],  [FacetId], [ExpectationId]) VALUES ('f968f507-0eab-4959-a39a-28958166264e', 'd47904dc-b77c-4143-9a0e-a006d8b881f5', 'aef5d13b-b1ce-49db-8d65-d449b391ec3e', 'cfc5e030-79fd-4c2d-a2f9-fb762ea465ae');
INSERT INTO dbo.CohortFacetExpectation ([Id], [CohortId],  [FacetId], [ExpectationId]) VALUES ('879a2b12-e946-4e8d-8847-cd94520453b6', '591211ee-689f-46e9-917c-8f9a04eb7546', '34344613-d2e2-4df2-93a9-95a758c86290', '90e4594d-6f6d-46ce-b3dd-96bc3ca179a2');
INSERT INTO dbo.CohortFacetExpectation ([Id], [CohortId],  [FacetId], [ExpectationId]) VALUES ('d71fe8e3-8ea0-470e-b9e8-0248a0a192a5', '732a1a53-a6dc-49be-a18c-a1671de58f6d', '34344613-d2e2-4df2-93a9-95a758c86290', '90e4594d-6f6d-46ce-b3dd-96bc3ca179a2');
INSERT INTO dbo.CohortFacetExpectation ([Id], [CohortId],  [FacetId], [ExpectationId]) VALUES ('cb28aab9-e44c-4a6d-b26f-05db4023b87f', '66237380-cd06-4cae-848e-fc14638047b8', '34344613-d2e2-4df2-93a9-95a758c86290', '90e4594d-6f6d-46ce-b3dd-96bc3ca179a2');
INSERT INTO dbo.CohortFacetExpectation ([Id], [CohortId],  [FacetId], [ExpectationId]) VALUES ('22cf8ee9-be89-45a8-9315-6325ee903987', 'acdb76f6-fefb-4c4e-b8af-5eb79f1cbf98', '34344613-d2e2-4df2-93a9-95a758c86290', '90e4594d-6f6d-46ce-b3dd-96bc3ca179a2');
INSERT INTO dbo.CohortFacetExpectation ([Id], [CohortId],  [FacetId], [ExpectationId]) VALUES ('9b38db84-bdc8-4e60-9676-60a0a48b9a74', '0d8ac0ab-ca46-4f07-8baa-2c0e1798cdcc', '34344613-d2e2-4df2-93a9-95a758c86290', '90e4594d-6f6d-46ce-b3dd-96bc3ca179a2');
INSERT INTO dbo.CohortFacetExpectation ([Id], [CohortId],  [FacetId], [ExpectationId]) VALUES ('319f3075-56ed-45ef-a0d9-ddb273ea8d11', '9d3d1201-eca6-424e-942b-82e48d2476c0', '34344613-d2e2-4df2-93a9-95a758c86290', '6040b143-ecee-4575-bc0c-0f52bca17bd1');
INSERT INTO dbo.CohortFacetExpectation ([Id], [CohortId],  [FacetId], [ExpectationId]) VALUES ('bc21da20-a1af-45c0-af5f-263da0bc2dc3', '9a4f5330-2668-492c-9109-8d752f6081b1', '34344613-d2e2-4df2-93a9-95a758c86290', '6040b143-ecee-4575-bc0c-0f52bca17bd1');
INSERT INTO dbo.CohortFacetExpectation ([Id], [CohortId],  [FacetId], [ExpectationId]) VALUES ('9cbf05df-d69e-4ddd-b0af-f1996b14b25b', 'f2a8dc4e-525b-4479-b83e-44a7139b4a58', '34344613-d2e2-4df2-93a9-95a758c86290', '7623286f-2cdd-42e3-a8b5-baf91852f7f7');
INSERT INTO dbo.CohortFacetExpectation ([Id], [CohortId],  [FacetId], [ExpectationId]) VALUES ('f1b58438-5501-4095-9a62-b038267277c8', '4702fd60-3c68-4b73-998f-1b779449c89e', '34344613-d2e2-4df2-93a9-95a758c86290', '7623286f-2cdd-42e3-a8b5-baf91852f7f7');
INSERT INTO dbo.CohortFacetExpectation ([Id], [CohortId],  [FacetId], [ExpectationId]) VALUES ('40d210a2-3fb8-4119-8738-9382b8d500c4', '966a4f33-c515-414d-b7dc-9606040697ca', '34344613-d2e2-4df2-93a9-95a758c86290', 'bc39c402-fe85-49fc-afa6-3956e889beb4');
INSERT INTO dbo.CohortFacetExpectation ([Id], [CohortId],  [FacetId], [ExpectationId]) VALUES ('a3d19b0b-be45-4fd2-9e09-9f6c3010e663', '32ff7205-fe59-4ce6-8eb7-017d7e84f7c0', '34344613-d2e2-4df2-93a9-95a758c86290', 'bc39c402-fe85-49fc-afa6-3956e889beb4');
INSERT INTO dbo.CohortFacetExpectation ([Id], [CohortId],  [FacetId], [ExpectationId]) VALUES ('8e791cd8-0d86-4982-97ed-ef9a50baac26', 'e575e2ba-2dde-45c5-b1bc-081a407ae49c', '34344613-d2e2-4df2-93a9-95a758c86290', '5a214585-253b-4ffb-8042-d2ba2c99ee50');
INSERT INTO dbo.CohortFacetExpectation ([Id], [CohortId],  [FacetId], [ExpectationId]) VALUES ('0c609135-8ad6-449f-9360-bdd2aae5f764', 'bc4a9889-f73f-4554-957d-cede1e601a05', '34344613-d2e2-4df2-93a9-95a758c86290', '5a214585-253b-4ffb-8042-d2ba2c99ee50');
INSERT INTO dbo.CohortFacetExpectation ([Id], [CohortId],  [FacetId], [ExpectationId]) VALUES ('c300fe96-82f7-4e75-9aa1-11bae2f5c94b', 'd47904dc-b77c-4143-9a0e-a006d8b881f5', '34344613-d2e2-4df2-93a9-95a758c86290', '32531844-49bb-432d-a16c-0b3d19d56f60');
INSERT INTO dbo.CohortFacetExpectation ([Id], [CohortId],  [FacetId], [ExpectationId]) VALUES ('09ac0e73-202c-4e73-b26d-15786132fe3c', '591211ee-689f-46e9-917c-8f9a04eb7546', '978fa5da-f942-4725-b3d6-ce9d6ed4438d', 'b28dcc30-62aa-4911-a9ec-acde0da8464b');
INSERT INTO dbo.CohortFacetExpectation ([Id], [CohortId],  [FacetId], [ExpectationId]) VALUES ('e4bc5220-de81-403d-9edd-59b4713bbeb2', '732a1a53-a6dc-49be-a18c-a1671de58f6d', '978fa5da-f942-4725-b3d6-ce9d6ed4438d', 'b28dcc30-62aa-4911-a9ec-acde0da8464b');
INSERT INTO dbo.CohortFacetExpectation ([Id], [CohortId],  [FacetId], [ExpectationId]) VALUES ('82d7f05e-c2fe-4667-b1d2-a3e68f7ff770', '66237380-cd06-4cae-848e-fc14638047b8', '978fa5da-f942-4725-b3d6-ce9d6ed4438d', 'b28dcc30-62aa-4911-a9ec-acde0da8464b');
INSERT INTO dbo.CohortFacetExpectation ([Id], [CohortId],  [FacetId], [ExpectationId]) VALUES ('ed8da23e-fd10-4b73-92a8-944b3def441a', 'acdb76f6-fefb-4c4e-b8af-5eb79f1cbf98', '978fa5da-f942-4725-b3d6-ce9d6ed4438d', 'b28dcc30-62aa-4911-a9ec-acde0da8464b');
INSERT INTO dbo.CohortFacetExpectation ([Id], [CohortId],  [FacetId], [ExpectationId]) VALUES ('c8d70fb7-beb6-460d-864b-ab1364ca3dfb', '0d8ac0ab-ca46-4f07-8baa-2c0e1798cdcc', '978fa5da-f942-4725-b3d6-ce9d6ed4438d', 'c13e71e5-6aa5-4c6b-a138-b4dea18f67ef');
INSERT INTO dbo.CohortFacetExpectation ([Id], [CohortId],  [FacetId], [ExpectationId]) VALUES ('abf4fad6-77a3-4901-b199-18a39bb57fcb', '9d3d1201-eca6-424e-942b-82e48d2476c0', '978fa5da-f942-4725-b3d6-ce9d6ed4438d', 'a228a7cb-9097-4b41-a787-52131120c7fa');
INSERT INTO dbo.CohortFacetExpectation ([Id], [CohortId],  [FacetId], [ExpectationId]) VALUES ('06ad2eb8-0159-495d-90e7-e41f597a15c8', '9a4f5330-2668-492c-9109-8d752f6081b1', '978fa5da-f942-4725-b3d6-ce9d6ed4438d', 'a228a7cb-9097-4b41-a787-52131120c7fa');
INSERT INTO dbo.CohortFacetExpectation ([Id], [CohortId],  [FacetId], [ExpectationId]) VALUES ('2e4f52cc-67fc-48c8-804d-2c8d22ac105e', 'f2a8dc4e-525b-4479-b83e-44a7139b4a58', '978fa5da-f942-4725-b3d6-ce9d6ed4438d', '84276d86-6260-420d-b578-8639fe4c2aa3');
INSERT INTO dbo.CohortFacetExpectation ([Id], [CohortId],  [FacetId], [ExpectationId]) VALUES ('35bcebe7-af6c-4e07-b37e-53f0dcde4fd1', '4702fd60-3c68-4b73-998f-1b779449c89e', '978fa5da-f942-4725-b3d6-ce9d6ed4438d', 'c0939a71-71d5-48d2-8fda-1c06c89d9a26');
INSERT INTO dbo.CohortFacetExpectation ([Id], [CohortId],  [FacetId], [ExpectationId]) VALUES ('6e6fcee4-c497-447b-9a7e-961f4a795793', '966a4f33-c515-414d-b7dc-9606040697ca', '978fa5da-f942-4725-b3d6-ce9d6ed4438d', 'c0939a71-71d5-48d2-8fda-1c06c89d9a26');
INSERT INTO dbo.CohortFacetExpectation ([Id], [CohortId],  [FacetId], [ExpectationId]) VALUES ('d22380ba-bc81-4744-886f-827cc962a190', '32ff7205-fe59-4ce6-8eb7-017d7e84f7c0', '978fa5da-f942-4725-b3d6-ce9d6ed4438d', 'c0939a71-71d5-48d2-8fda-1c06c89d9a26');
INSERT INTO dbo.CohortFacetExpectation ([Id], [CohortId],  [FacetId], [ExpectationId]) VALUES ('ec186cea-2899-4ef5-9f92-28e7b6561939', 'e575e2ba-2dde-45c5-b1bc-081a407ae49c', '978fa5da-f942-4725-b3d6-ce9d6ed4438d', '80d6f76a-402b-421f-a105-bf774be18cda');
INSERT INTO dbo.CohortFacetExpectation ([Id], [CohortId],  [FacetId], [ExpectationId]) VALUES ('e853dc2f-ae4e-453b-ad37-56ad9a36aece', 'bc4a9889-f73f-4554-957d-cede1e601a05', '978fa5da-f942-4725-b3d6-ce9d6ed4438d', '80d6f76a-402b-421f-a105-bf774be18cda');
INSERT INTO dbo.CohortFacetExpectation ([Id], [CohortId],  [FacetId], [ExpectationId]) VALUES ('82396830-1054-4a8b-8860-e4c553145b72', 'd47904dc-b77c-4143-9a0e-a006d8b881f5', '978fa5da-f942-4725-b3d6-ce9d6ed4438d', '0b478ba2-f308-4463-8c5b-a07bbdac2e1a');
INSERT INTO dbo.CohortFacetExpectation ([Id], [CohortId],  [FacetId], [ExpectationId]) VALUES ('1329224c-31c9-4896-ac51-d8e9bda1c11e', '591211ee-689f-46e9-917c-8f9a04eb7546', '44ea789e-b6f9-4c20-8123-f53ae9359df1', '283d5f45-20ef-4a5a-aaac-0346204c220f');
INSERT INTO dbo.CohortFacetExpectation ([Id], [CohortId],  [FacetId], [ExpectationId]) VALUES ('bdf08d3a-384b-42b4-bf7f-6f526c63e3b6', '732a1a53-a6dc-49be-a18c-a1671de58f6d', '44ea789e-b6f9-4c20-8123-f53ae9359df1', '5e5372c6-992f-4821-87c2-c7784501aef7');
INSERT INTO dbo.CohortFacetExpectation ([Id], [CohortId],  [FacetId], [ExpectationId]) VALUES ('4ace0b66-c8ea-4a6d-bedb-83b85f0c5514', '66237380-cd06-4cae-848e-fc14638047b8', '44ea789e-b6f9-4c20-8123-f53ae9359df1', '5e5372c6-992f-4821-87c2-c7784501aef7');
INSERT INTO dbo.CohortFacetExpectation ([Id], [CohortId],  [FacetId], [ExpectationId]) VALUES ('ae587b72-c4d7-4430-b292-f4910a6cb4df', 'acdb76f6-fefb-4c4e-b8af-5eb79f1cbf98', '44ea789e-b6f9-4c20-8123-f53ae9359df1', '5e5372c6-992f-4821-87c2-c7784501aef7');
INSERT INTO dbo.CohortFacetExpectation ([Id], [CohortId],  [FacetId], [ExpectationId]) VALUES ('9c87ab2f-84d0-489a-bf5a-68cd31c52451', '0d8ac0ab-ca46-4f07-8baa-2c0e1798cdcc', '44ea789e-b6f9-4c20-8123-f53ae9359df1', '5e5372c6-992f-4821-87c2-c7784501aef7');
INSERT INTO dbo.CohortFacetExpectation ([Id], [CohortId],  [FacetId], [ExpectationId]) VALUES ('8142740c-e2a4-4880-9c1c-79d1297b2f73', '9d3d1201-eca6-424e-942b-82e48d2476c0', '44ea789e-b6f9-4c20-8123-f53ae9359df1', '5e5372c6-992f-4821-87c2-c7784501aef7');
INSERT INTO dbo.CohortFacetExpectation ([Id], [CohortId],  [FacetId], [ExpectationId]) VALUES ('8080dc62-2275-4473-b0d1-d2b749429ed8', '9a4f5330-2668-492c-9109-8d752f6081b1', '44ea789e-b6f9-4c20-8123-f53ae9359df1', '410fcbdd-a474-428b-b81b-f51c9e8c03f0');
INSERT INTO dbo.CohortFacetExpectation ([Id], [CohortId],  [FacetId], [ExpectationId]) VALUES ('22c85529-3783-4cf5-917e-216ac5b2515d', 'f2a8dc4e-525b-4479-b83e-44a7139b4a58', '44ea789e-b6f9-4c20-8123-f53ae9359df1', '37a9f7e5-44e1-4c0a-b3ca-d9a92676ed99');
INSERT INTO dbo.CohortFacetExpectation ([Id], [CohortId],  [FacetId], [ExpectationId]) VALUES ('a7f576df-370b-43f7-a833-8942d574d836', '4702fd60-3c68-4b73-998f-1b779449c89e', '44ea789e-b6f9-4c20-8123-f53ae9359df1', 'fcc92b5c-72a6-43c6-bcb2-6f0df8bdf9d6');
INSERT INTO dbo.CohortFacetExpectation ([Id], [CohortId],  [FacetId], [ExpectationId]) VALUES ('1bf728be-0d2a-4b89-80da-0002079bacf5', '966a4f33-c515-414d-b7dc-9606040697ca', '44ea789e-b6f9-4c20-8123-f53ae9359df1', 'fcc92b5c-72a6-43c6-bcb2-6f0df8bdf9d6');
INSERT INTO dbo.CohortFacetExpectation ([Id], [CohortId],  [FacetId], [ExpectationId]) VALUES ('0b2ce71c-ec4b-4d09-ac3c-c375e58014a0', '32ff7205-fe59-4ce6-8eb7-017d7e84f7c0', '44ea789e-b6f9-4c20-8123-f53ae9359df1', 'fcc92b5c-72a6-43c6-bcb2-6f0df8bdf9d6');
INSERT INTO dbo.CohortFacetExpectation ([Id], [CohortId],  [FacetId], [ExpectationId]) VALUES ('a84c9462-feaa-4b26-978b-cd8979001186', 'e575e2ba-2dde-45c5-b1bc-081a407ae49c', '44ea789e-b6f9-4c20-8123-f53ae9359df1', '34336e13-b97b-4a1a-8a6c-b6c0477e9fc8');
INSERT INTO dbo.CohortFacetExpectation ([Id], [CohortId],  [FacetId], [ExpectationId]) VALUES ('f3cc15d2-18ac-4218-8560-fb7eed34a712', 'bc4a9889-f73f-4554-957d-cede1e601a05', '44ea789e-b6f9-4c20-8123-f53ae9359df1', '25a4af53-d0e3-4793-8fcb-f5fdb260f938');
INSERT INTO dbo.CohortFacetExpectation ([Id], [CohortId],  [FacetId], [ExpectationId]) VALUES ('5510f474-bf5c-458a-b16e-c626532eebee', 'd47904dc-b77c-4143-9a0e-a006d8b881f5', '44ea789e-b6f9-4c20-8123-f53ae9359df1', '41857bd1-7f14-4c34-82f7-c7639eaeff60');
INSERT INTO dbo.CohortFacetExpectation ([Id], [CohortId],  [FacetId], [ExpectationId]) VALUES ('d8f74206-1e71-4589-bd75-fe8c9e694dbd', '591211ee-689f-46e9-917c-8f9a04eb7546', '6f4ba600-d797-4605-9567-15b2003844bf', '947df855-e5b9-4a2e-b645-8659bbe6152e');
INSERT INTO dbo.CohortFacetExpectation ([Id], [CohortId],  [FacetId], [ExpectationId]) VALUES ('0c32a508-1d72-481f-ad16-0aeb69c9c4f0', '732a1a53-a6dc-49be-a18c-a1671de58f6d', '6f4ba600-d797-4605-9567-15b2003844bf', '947df855-e5b9-4a2e-b645-8659bbe6152e');
INSERT INTO dbo.CohortFacetExpectation ([Id], [CohortId],  [FacetId], [ExpectationId]) VALUES ('f6b00d04-f255-4dfb-b5fe-593bcfc0c63c', '66237380-cd06-4cae-848e-fc14638047b8', '6f4ba600-d797-4605-9567-15b2003844bf', '947df855-e5b9-4a2e-b645-8659bbe6152e');
INSERT INTO dbo.CohortFacetExpectation ([Id], [CohortId],  [FacetId], [ExpectationId]) VALUES ('64c071ba-8bfa-49d2-b5bb-fde77aa4585f', 'acdb76f6-fefb-4c4e-b8af-5eb79f1cbf98', '6f4ba600-d797-4605-9567-15b2003844bf', '947df855-e5b9-4a2e-b645-8659bbe6152e');
INSERT INTO dbo.CohortFacetExpectation ([Id], [CohortId],  [FacetId], [ExpectationId]) VALUES ('12d033e5-cab9-4b55-a5fd-a818507a213d', '0d8ac0ab-ca46-4f07-8baa-2c0e1798cdcc', '6f4ba600-d797-4605-9567-15b2003844bf', 'ccd94acf-0463-4522-92c6-f87ccc3d6bdc');
INSERT INTO dbo.CohortFacetExpectation ([Id], [CohortId],  [FacetId], [ExpectationId]) VALUES ('a4fe25e0-5d60-4820-9e9c-03eaec22cbec', '9d3d1201-eca6-424e-942b-82e48d2476c0', '6f4ba600-d797-4605-9567-15b2003844bf', 'ccd94acf-0463-4522-92c6-f87ccc3d6bdc');
INSERT INTO dbo.CohortFacetExpectation ([Id], [CohortId],  [FacetId], [ExpectationId]) VALUES ('f9bbca1d-2359-4f07-922c-fdad66fafaf3', '9a4f5330-2668-492c-9109-8d752f6081b1', '6f4ba600-d797-4605-9567-15b2003844bf', '6be331c6-a3ea-443c-b3b5-b7606a68e779');
INSERT INTO dbo.CohortFacetExpectation ([Id], [CohortId],  [FacetId], [ExpectationId]) VALUES ('65f5ffc0-1dde-4c68-9874-f51a67943498', 'f2a8dc4e-525b-4479-b83e-44a7139b4a58', '6f4ba600-d797-4605-9567-15b2003844bf', '7d8f7ff4-ec7a-40fd-b823-17c6e59deb7f');
INSERT INTO dbo.CohortFacetExpectation ([Id], [CohortId],  [FacetId], [ExpectationId]) VALUES ('3df735a1-dbbf-4be3-b344-cc8dc1c220be', '4702fd60-3c68-4b73-998f-1b779449c89e', '6f4ba600-d797-4605-9567-15b2003844bf', '7d8f7ff4-ec7a-40fd-b823-17c6e59deb7f');
INSERT INTO dbo.CohortFacetExpectation ([Id], [CohortId],  [FacetId], [ExpectationId]) VALUES ('fe8b6da0-d826-4ac1-9048-b4c8c3ecc7e3', '966a4f33-c515-414d-b7dc-9606040697ca', '6f4ba600-d797-4605-9567-15b2003844bf', '7d8f7ff4-ec7a-40fd-b823-17c6e59deb7f');
INSERT INTO dbo.CohortFacetExpectation ([Id], [CohortId],  [FacetId], [ExpectationId]) VALUES ('91268d71-7e6b-4f2c-99db-3ceb13744f1c', '32ff7205-fe59-4ce6-8eb7-017d7e84f7c0', '6f4ba600-d797-4605-9567-15b2003844bf', '7d8f7ff4-ec7a-40fd-b823-17c6e59deb7f');
INSERT INTO dbo.CohortFacetExpectation ([Id], [CohortId],  [FacetId], [ExpectationId]) VALUES ('24769412-5aa7-43c8-986d-67fd7551e9c7', 'e575e2ba-2dde-45c5-b1bc-081a407ae49c', '6f4ba600-d797-4605-9567-15b2003844bf', 'b8fa5dd5-57bf-44ca-becb-6bcc2064e96c');
INSERT INTO dbo.CohortFacetExpectation ([Id], [CohortId],  [FacetId], [ExpectationId]) VALUES ('740b6576-0eae-46e3-adc0-0351fd6507ba', 'bc4a9889-f73f-4554-957d-cede1e601a05', '6f4ba600-d797-4605-9567-15b2003844bf', 'b8fa5dd5-57bf-44ca-becb-6bcc2064e96c');
INSERT INTO dbo.CohortFacetExpectation ([Id], [CohortId],  [FacetId], [ExpectationId]) VALUES ('dbe0cd86-7860-4458-90f0-8afc4f4a2bb6', 'd47904dc-b77c-4143-9a0e-a006d8b881f5', '6f4ba600-d797-4605-9567-15b2003844bf', '735d1628-ad25-4431-b273-f1cb2addbc29');
INSERT INTO dbo.CohortFacetExpectation ([Id], [CohortId],  [FacetId], [ExpectationId]) VALUES ('9825fb18-2907-4e5a-8f43-9d1da2a47c24', '591211ee-689f-46e9-917c-8f9a04eb7546', '10ba55b8-e377-46be-b4e5-7dc8651299b1', '37f08ed7-f1b2-414d-bd04-fbbb5576522b');
INSERT INTO dbo.CohortFacetExpectation ([Id], [CohortId],  [FacetId], [ExpectationId]) VALUES ('f9d7a1c4-cf8f-4168-8561-66c2644044ae', '732a1a53-a6dc-49be-a18c-a1671de58f6d', '10ba55b8-e377-46be-b4e5-7dc8651299b1', '37f08ed7-f1b2-414d-bd04-fbbb5576522b');
INSERT INTO dbo.CohortFacetExpectation ([Id], [CohortId],  [FacetId], [ExpectationId]) VALUES ('030bb233-a446-4636-92fa-0cba700bb4a7', '66237380-cd06-4cae-848e-fc14638047b8', '10ba55b8-e377-46be-b4e5-7dc8651299b1', '37f08ed7-f1b2-414d-bd04-fbbb5576522b');
INSERT INTO dbo.CohortFacetExpectation ([Id], [CohortId],  [FacetId], [ExpectationId]) VALUES ('4dd0ea72-4ccf-4e92-b119-186acc5af8f1', 'acdb76f6-fefb-4c4e-b8af-5eb79f1cbf98', '10ba55b8-e377-46be-b4e5-7dc8651299b1', '37f08ed7-f1b2-414d-bd04-fbbb5576522b');
INSERT INTO dbo.CohortFacetExpectation ([Id], [CohortId],  [FacetId], [ExpectationId]) VALUES ('01c9d131-da12-4b74-b054-fe36c8f9e93a', '0d8ac0ab-ca46-4f07-8baa-2c0e1798cdcc', '10ba55b8-e377-46be-b4e5-7dc8651299b1', '37f08ed7-f1b2-414d-bd04-fbbb5576522b');
INSERT INTO dbo.CohortFacetExpectation ([Id], [CohortId],  [FacetId], [ExpectationId]) VALUES ('32df239c-38a5-4a29-808d-6c8f921d3c84', '9d3d1201-eca6-424e-942b-82e48d2476c0', '10ba55b8-e377-46be-b4e5-7dc8651299b1', '37f08ed7-f1b2-414d-bd04-fbbb5576522b');
INSERT INTO dbo.CohortFacetExpectation ([Id], [CohortId],  [FacetId], [ExpectationId]) VALUES ('1da7c9f9-351b-4268-ba07-c2ca5809ee68', '9a4f5330-2668-492c-9109-8d752f6081b1', '10ba55b8-e377-46be-b4e5-7dc8651299b1', '95be722a-d1f3-44b3-b755-97d0f02c5e0d');
INSERT INTO dbo.CohortFacetExpectation ([Id], [CohortId],  [FacetId], [ExpectationId]) VALUES ('45fa9b45-cc0f-4bc2-95dd-f867d547d623', 'f2a8dc4e-525b-4479-b83e-44a7139b4a58', '10ba55b8-e377-46be-b4e5-7dc8651299b1', 'e44efe87-2b1a-4674-be31-711708e1ac06');
INSERT INTO dbo.CohortFacetExpectation ([Id], [CohortId],  [FacetId], [ExpectationId]) VALUES ('e57569de-ac5c-4d8b-9f63-bccc5d65b6a0', '4702fd60-3c68-4b73-998f-1b779449c89e', '10ba55b8-e377-46be-b4e5-7dc8651299b1', 'e44efe87-2b1a-4674-be31-711708e1ac06');
INSERT INTO dbo.CohortFacetExpectation ([Id], [CohortId],  [FacetId], [ExpectationId]) VALUES ('177981f5-4a3e-4fe5-85f2-8584229f18cb', '966a4f33-c515-414d-b7dc-9606040697ca', '10ba55b8-e377-46be-b4e5-7dc8651299b1', 'a06c9b95-91d6-430f-bdf6-4ce0241f2444');
INSERT INTO dbo.CohortFacetExpectation ([Id], [CohortId],  [FacetId], [ExpectationId]) VALUES ('3d3c6c7c-f750-4f52-8445-0d48b33509ef', '32ff7205-fe59-4ce6-8eb7-017d7e84f7c0', '10ba55b8-e377-46be-b4e5-7dc8651299b1', 'a06c9b95-91d6-430f-bdf6-4ce0241f2444');
INSERT INTO dbo.CohortFacetExpectation ([Id], [CohortId],  [FacetId], [ExpectationId]) VALUES ('e68e96bb-f10b-43a6-9a2f-ed44923c85e8', 'e575e2ba-2dde-45c5-b1bc-081a407ae49c', '10ba55b8-e377-46be-b4e5-7dc8651299b1', '3f303043-78b4-403a-bdfa-67782b4cda58');
INSERT INTO dbo.CohortFacetExpectation ([Id], [CohortId],  [FacetId], [ExpectationId]) VALUES ('7649abb4-c32f-4b4b-992d-8388b489fe47', 'bc4a9889-f73f-4554-957d-cede1e601a05', '10ba55b8-e377-46be-b4e5-7dc8651299b1', '2168557e-e6b8-4969-a4fa-c191b17c0e0c');
INSERT INTO dbo.CohortFacetExpectation ([Id], [CohortId],  [FacetId], [ExpectationId]) VALUES ('363237d3-4293-404e-8606-fabbb1b117e6', 'd47904dc-b77c-4143-9a0e-a006d8b881f5', '10ba55b8-e377-46be-b4e5-7dc8651299b1', '2168557e-e6b8-4969-a4fa-c191b17c0e0c');
INSERT INTO dbo.CohortFacetExpectation ([Id], [CohortId],  [FacetId], [ExpectationId]) VALUES ('e32fcdcc-dcb6-4cb9-b3e0-63592e69df7f', '591211ee-689f-46e9-917c-8f9a04eb7546', 'c45ac62f-8a4a-4720-a0fe-3f05dbd7d027', '2b9184d7-d406-43cb-9982-2ab9ca375369');
INSERT INTO dbo.CohortFacetExpectation ([Id], [CohortId],  [FacetId], [ExpectationId]) VALUES ('1855b463-ca8d-4061-af8e-5f8be079a019', '732a1a53-a6dc-49be-a18c-a1671de58f6d', 'c45ac62f-8a4a-4720-a0fe-3f05dbd7d027', '2b9184d7-d406-43cb-9982-2ab9ca375369');
INSERT INTO dbo.CohortFacetExpectation ([Id], [CohortId],  [FacetId], [ExpectationId]) VALUES ('2408443b-fb1b-4517-a5be-a1e88bd25ced', '66237380-cd06-4cae-848e-fc14638047b8', 'c45ac62f-8a4a-4720-a0fe-3f05dbd7d027', '2b9184d7-d406-43cb-9982-2ab9ca375369');
INSERT INTO dbo.CohortFacetExpectation ([Id], [CohortId],  [FacetId], [ExpectationId]) VALUES ('ecaa16cf-d41e-477b-80aa-50a48aa7956b', 'acdb76f6-fefb-4c4e-b8af-5eb79f1cbf98', 'c45ac62f-8a4a-4720-a0fe-3f05dbd7d027', '2b9184d7-d406-43cb-9982-2ab9ca375369');
INSERT INTO dbo.CohortFacetExpectation ([Id], [CohortId],  [FacetId], [ExpectationId]) VALUES ('834756b9-724e-489d-8638-36798a57caab', '0d8ac0ab-ca46-4f07-8baa-2c0e1798cdcc', 'c45ac62f-8a4a-4720-a0fe-3f05dbd7d027', '2b9184d7-d406-43cb-9982-2ab9ca375369');
INSERT INTO dbo.CohortFacetExpectation ([Id], [CohortId],  [FacetId], [ExpectationId]) VALUES ('3a2751da-b70f-4d50-a91d-d4163248d766', '9d3d1201-eca6-424e-942b-82e48d2476c0', 'c45ac62f-8a4a-4720-a0fe-3f05dbd7d027', '2b9184d7-d406-43cb-9982-2ab9ca375369');
INSERT INTO dbo.CohortFacetExpectation ([Id], [CohortId],  [FacetId], [ExpectationId]) VALUES ('2f2585c7-c2da-41af-931f-5188d68fceb6', '9a4f5330-2668-492c-9109-8d752f6081b1', 'c45ac62f-8a4a-4720-a0fe-3f05dbd7d027', '2b9184d7-d406-43cb-9982-2ab9ca375369');
INSERT INTO dbo.CohortFacetExpectation ([Id], [CohortId],  [FacetId], [ExpectationId]) VALUES ('47d8497f-b2c6-45ae-805e-b8dcd9ad50c5', 'f2a8dc4e-525b-4479-b83e-44a7139b4a58', 'c45ac62f-8a4a-4720-a0fe-3f05dbd7d027', '88f0306b-e0bb-486a-be47-b3c52adaa959');
INSERT INTO dbo.CohortFacetExpectation ([Id], [CohortId],  [FacetId], [ExpectationId]) VALUES ('731c0188-53e2-41e7-ad2b-9f1e56e09ef3', '4702fd60-3c68-4b73-998f-1b779449c89e', 'c45ac62f-8a4a-4720-a0fe-3f05dbd7d027', '88f0306b-e0bb-486a-be47-b3c52adaa959');
INSERT INTO dbo.CohortFacetExpectation ([Id], [CohortId],  [FacetId], [ExpectationId]) VALUES ('7a44aea6-6605-452e-9335-c5f8b27a4b8e', '966a4f33-c515-414d-b7dc-9606040697ca', 'c45ac62f-8a4a-4720-a0fe-3f05dbd7d027', '40d957e9-7fee-4c98-a531-52fd4acba94e');
INSERT INTO dbo.CohortFacetExpectation ([Id], [CohortId],  [FacetId], [ExpectationId]) VALUES ('ccb29edf-10be-4809-8107-a70fadb2fe0a', '32ff7205-fe59-4ce6-8eb7-017d7e84f7c0', 'c45ac62f-8a4a-4720-a0fe-3f05dbd7d027', '40d957e9-7fee-4c98-a531-52fd4acba94e');
INSERT INTO dbo.CohortFacetExpectation ([Id], [CohortId],  [FacetId], [ExpectationId]) VALUES ('e641bab9-7642-470d-b7e7-095c69f38cc6', 'e575e2ba-2dde-45c5-b1bc-081a407ae49c', 'c45ac62f-8a4a-4720-a0fe-3f05dbd7d027', '4c8c9ad5-5733-47bb-8629-111b7b0557c7');
INSERT INTO dbo.CohortFacetExpectation ([Id], [CohortId],  [FacetId], [ExpectationId]) VALUES ('ce02b895-9ab0-461b-8859-24b7396eb09a', 'bc4a9889-f73f-4554-957d-cede1e601a05', 'c45ac62f-8a4a-4720-a0fe-3f05dbd7d027', '4c8c9ad5-5733-47bb-8629-111b7b0557c7');
INSERT INTO dbo.CohortFacetExpectation ([Id], [CohortId],  [FacetId], [ExpectationId]) VALUES ('c0629d64-c7a2-4335-9a75-b8f74f9146f7', 'd47904dc-b77c-4143-9a0e-a006d8b881f5', 'c45ac62f-8a4a-4720-a0fe-3f05dbd7d027', '4c8c9ad5-5733-47bb-8629-111b7b0557c7');
INSERT INTO dbo.CohortFacetExpectation ([Id], [CohortId],  [FacetId], [ExpectationId]) VALUES ('69898391-e3b3-4232-8bae-9e88820c164e', '591211ee-689f-46e9-917c-8f9a04eb7546', 'f0b49031-9155-4181-9cf9-6f5cf2e8a10f', '7b1d8ac9-8499-4489-a8e0-55d65a670937');
INSERT INTO dbo.CohortFacetExpectation ([Id], [CohortId],  [FacetId], [ExpectationId]) VALUES ('d80f0f80-7720-4e2b-a0a9-65b7620bf84d', '732a1a53-a6dc-49be-a18c-a1671de58f6d', 'f0b49031-9155-4181-9cf9-6f5cf2e8a10f', '7b1d8ac9-8499-4489-a8e0-55d65a670937');
INSERT INTO dbo.CohortFacetExpectation ([Id], [CohortId],  [FacetId], [ExpectationId]) VALUES ('c74e4408-db6f-4307-84ad-ec7c2cf7bbe9', '66237380-cd06-4cae-848e-fc14638047b8', 'f0b49031-9155-4181-9cf9-6f5cf2e8a10f', '7b1d8ac9-8499-4489-a8e0-55d65a670937');
INSERT INTO dbo.CohortFacetExpectation ([Id], [CohortId],  [FacetId], [ExpectationId]) VALUES ('ff169550-ffc1-40d6-90c6-3bb1a014a6b5', 'acdb76f6-fefb-4c4e-b8af-5eb79f1cbf98', 'f0b49031-9155-4181-9cf9-6f5cf2e8a10f', '7b1d8ac9-8499-4489-a8e0-55d65a670937');
INSERT INTO dbo.CohortFacetExpectation ([Id], [CohortId],  [FacetId], [ExpectationId]) VALUES ('2640a108-71a5-4b78-87ae-3f0ee6212231', '0d8ac0ab-ca46-4f07-8baa-2c0e1798cdcc', 'f0b49031-9155-4181-9cf9-6f5cf2e8a10f', 'bdf35e01-7b2f-4e5f-b2e8-1119980bcdc9');
INSERT INTO dbo.CohortFacetExpectation ([Id], [CohortId],  [FacetId], [ExpectationId]) VALUES ('4e5854ff-b5e1-40d0-9523-d28433ebc109', '9d3d1201-eca6-424e-942b-82e48d2476c0', 'f0b49031-9155-4181-9cf9-6f5cf2e8a10f', 'bdf35e01-7b2f-4e5f-b2e8-1119980bcdc9');
INSERT INTO dbo.CohortFacetExpectation ([Id], [CohortId],  [FacetId], [ExpectationId]) VALUES ('c98640df-c025-44d4-9a13-a2cc5c75aeaf', '9a4f5330-2668-492c-9109-8d752f6081b1', 'f0b49031-9155-4181-9cf9-6f5cf2e8a10f', 'bdf35e01-7b2f-4e5f-b2e8-1119980bcdc9');
INSERT INTO dbo.CohortFacetExpectation ([Id], [CohortId],  [FacetId], [ExpectationId]) VALUES ('b570bbf6-fdaf-4b9a-a5d6-d25f61dae042', 'f2a8dc4e-525b-4479-b83e-44a7139b4a58', 'f0b49031-9155-4181-9cf9-6f5cf2e8a10f', '151e6008-7d87-4846-9da6-9de1212b1796');
INSERT INTO dbo.CohortFacetExpectation ([Id], [CohortId],  [FacetId], [ExpectationId]) VALUES ('5085ba8c-9875-431e-93d4-892553b9278f', '4702fd60-3c68-4b73-998f-1b779449c89e', 'f0b49031-9155-4181-9cf9-6f5cf2e8a10f', '151e6008-7d87-4846-9da6-9de1212b1796');
INSERT INTO dbo.CohortFacetExpectation ([Id], [CohortId],  [FacetId], [ExpectationId]) VALUES ('4a659f8f-806f-46f2-8c54-c29e58891831', '966a4f33-c515-414d-b7dc-9606040697ca', 'f0b49031-9155-4181-9cf9-6f5cf2e8a10f', 'ecd0afdc-a89c-43b7-9f2d-6f9d98b929e9');
INSERT INTO dbo.CohortFacetExpectation ([Id], [CohortId],  [FacetId], [ExpectationId]) VALUES ('73eabfe1-1fce-4169-9648-f2ae186e7098', '32ff7205-fe59-4ce6-8eb7-017d7e84f7c0', 'f0b49031-9155-4181-9cf9-6f5cf2e8a10f', 'ecd0afdc-a89c-43b7-9f2d-6f9d98b929e9');
INSERT INTO dbo.CohortFacetExpectation ([Id], [CohortId],  [FacetId], [ExpectationId]) VALUES ('97a79b0f-d44a-42b8-8b3a-26725ec7a8f1', 'e575e2ba-2dde-45c5-b1bc-081a407ae49c', 'f0b49031-9155-4181-9cf9-6f5cf2e8a10f', '23e47bd0-ed55-42ef-b5b6-064c84a53c4f');
INSERT INTO dbo.CohortFacetExpectation ([Id], [CohortId],  [FacetId], [ExpectationId]) VALUES ('486cb320-b180-448a-b46c-5c9f43f37f7f', 'bc4a9889-f73f-4554-957d-cede1e601a05', 'f0b49031-9155-4181-9cf9-6f5cf2e8a10f', '23e47bd0-ed55-42ef-b5b6-064c84a53c4f');
INSERT INTO dbo.CohortFacetExpectation ([Id], [CohortId],  [FacetId], [ExpectationId]) VALUES ('dd2963b1-fc70-4dfe-b9a7-082ad399d7e0', 'd47904dc-b77c-4143-9a0e-a006d8b881f5', 'f0b49031-9155-4181-9cf9-6f5cf2e8a10f', '23e47bd0-ed55-42ef-b5b6-064c84a53c4f');
INSERT INTO dbo.CohortFacetExpectation ([Id], [CohortId],  [FacetId], [ExpectationId]) VALUES ('8c3da4f5-b4cb-439e-9701-7a736c44ef0e', '591211ee-689f-46e9-917c-8f9a04eb7546', 'd373bc31-8622-42d2-8a8b-ad83d8ad0e3b', 'a30034a7-3dc0-426a-ae9c-799226e08525');
INSERT INTO dbo.CohortFacetExpectation ([Id], [CohortId],  [FacetId], [ExpectationId]) VALUES ('65a51506-735b-4cb9-8685-63cf4273c792', '732a1a53-a6dc-49be-a18c-a1671de58f6d', 'd373bc31-8622-42d2-8a8b-ad83d8ad0e3b', 'a30034a7-3dc0-426a-ae9c-799226e08525');
INSERT INTO dbo.CohortFacetExpectation ([Id], [CohortId],  [FacetId], [ExpectationId]) VALUES ('c17921de-506a-4828-a3fd-9756efacf65d', '66237380-cd06-4cae-848e-fc14638047b8', 'd373bc31-8622-42d2-8a8b-ad83d8ad0e3b', 'a30034a7-3dc0-426a-ae9c-799226e08525');
INSERT INTO dbo.CohortFacetExpectation ([Id], [CohortId],  [FacetId], [ExpectationId]) VALUES ('c30b371a-53b2-4257-9e61-6f3e6c432813', 'acdb76f6-fefb-4c4e-b8af-5eb79f1cbf98', 'd373bc31-8622-42d2-8a8b-ad83d8ad0e3b', 'a30034a7-3dc0-426a-ae9c-799226e08525');
INSERT INTO dbo.CohortFacetExpectation ([Id], [CohortId],  [FacetId], [ExpectationId]) VALUES ('9c7cb8c5-20ac-4d86-b13e-d98a68b804cf', '0d8ac0ab-ca46-4f07-8baa-2c0e1798cdcc', 'd373bc31-8622-42d2-8a8b-ad83d8ad0e3b', 'a30034a7-3dc0-426a-ae9c-799226e08525');
INSERT INTO dbo.CohortFacetExpectation ([Id], [CohortId],  [FacetId], [ExpectationId]) VALUES ('2311f4a3-5721-4019-90fd-fc9f70280939', '9d3d1201-eca6-424e-942b-82e48d2476c0', 'd373bc31-8622-42d2-8a8b-ad83d8ad0e3b', 'a30034a7-3dc0-426a-ae9c-799226e08525');
INSERT INTO dbo.CohortFacetExpectation ([Id], [CohortId],  [FacetId], [ExpectationId]) VALUES ('e720e18d-d746-4877-9245-025556d4e0b8', '9a4f5330-2668-492c-9109-8d752f6081b1', 'd373bc31-8622-42d2-8a8b-ad83d8ad0e3b', 'a30034a7-3dc0-426a-ae9c-799226e08525');
INSERT INTO dbo.CohortFacetExpectation ([Id], [CohortId],  [FacetId], [ExpectationId]) VALUES ('041739db-888d-4fab-ae37-e2605053f922', 'f2a8dc4e-525b-4479-b83e-44a7139b4a58', 'd373bc31-8622-42d2-8a8b-ad83d8ad0e3b', 'fe4c3569-6664-4405-9338-267c185a9f10');
INSERT INTO dbo.CohortFacetExpectation ([Id], [CohortId],  [FacetId], [ExpectationId]) VALUES ('4503b73f-46ee-4144-a588-35173c8549c0', '4702fd60-3c68-4b73-998f-1b779449c89e', 'd373bc31-8622-42d2-8a8b-ad83d8ad0e3b', 'fe4c3569-6664-4405-9338-267c185a9f10');
INSERT INTO dbo.CohortFacetExpectation ([Id], [CohortId],  [FacetId], [ExpectationId]) VALUES ('f47d0c52-7c62-419b-a33b-aa2160af70d9', '966a4f33-c515-414d-b7dc-9606040697ca', 'd373bc31-8622-42d2-8a8b-ad83d8ad0e3b', 'fe4c3569-6664-4405-9338-267c185a9f10');
INSERT INTO dbo.CohortFacetExpectation ([Id], [CohortId],  [FacetId], [ExpectationId]) VALUES ('aad9230e-ecd9-4bd5-a596-6575d976c5c1', '32ff7205-fe59-4ce6-8eb7-017d7e84f7c0', 'd373bc31-8622-42d2-8a8b-ad83d8ad0e3b', 'fe4c3569-6664-4405-9338-267c185a9f10');
INSERT INTO dbo.CohortFacetExpectation ([Id], [CohortId],  [FacetId], [ExpectationId]) VALUES ('0e05229f-bc3b-45b0-9b21-56a8237bdba4', 'e575e2ba-2dde-45c5-b1bc-081a407ae49c', 'd373bc31-8622-42d2-8a8b-ad83d8ad0e3b', '226b3ff7-e373-4a81-9e45-2bf1cbc8ecb0');
INSERT INTO dbo.CohortFacetExpectation ([Id], [CohortId],  [FacetId], [ExpectationId]) VALUES ('730828c0-7a93-4237-bae3-ba6753af7594', 'bc4a9889-f73f-4554-957d-cede1e601a05', 'd373bc31-8622-42d2-8a8b-ad83d8ad0e3b', '226b3ff7-e373-4a81-9e45-2bf1cbc8ecb0');
INSERT INTO dbo.CohortFacetExpectation ([Id], [CohortId],  [FacetId], [ExpectationId]) VALUES ('68fe1cc8-882f-4067-8853-10bb9261e6f1', 'd47904dc-b77c-4143-9a0e-a006d8b881f5', 'd373bc31-8622-42d2-8a8b-ad83d8ad0e3b', '226b3ff7-e373-4a81-9e45-2bf1cbc8ecb0');
INSERT INTO dbo.CohortFacetExpectation ([Id], [CohortId],  [FacetId], [ExpectationId]) VALUES ('3b58be5b-40cd-4d91-b548-4235cb19510d', '591211ee-689f-46e9-917c-8f9a04eb7546', 'd373bc31-8622-42d2-8a8b-ad83d8ad0e3b', '56be46f5-66e5-4e51-b2f7-014ec42c85cc');
INSERT INTO dbo.CohortFacetExpectation ([Id], [CohortId],  [FacetId], [ExpectationId]) VALUES ('acad3f46-8ab7-46ea-9341-a9186d38f6e0', '732a1a53-a6dc-49be-a18c-a1671de58f6d', 'd373bc31-8622-42d2-8a8b-ad83d8ad0e3b', '56be46f5-66e5-4e51-b2f7-014ec42c85cc');
INSERT INTO dbo.CohortFacetExpectation ([Id], [CohortId],  [FacetId], [ExpectationId]) VALUES ('1f97996c-6cc1-45ca-9145-a49d9c21078a', '66237380-cd06-4cae-848e-fc14638047b8', 'd373bc31-8622-42d2-8a8b-ad83d8ad0e3b', '56be46f5-66e5-4e51-b2f7-014ec42c85cc');
INSERT INTO dbo.CohortFacetExpectation ([Id], [CohortId],  [FacetId], [ExpectationId]) VALUES ('40a88b1e-fde3-4ff3-af66-e98a371071fe', 'acdb76f6-fefb-4c4e-b8af-5eb79f1cbf98', 'd373bc31-8622-42d2-8a8b-ad83d8ad0e3b', '56be46f5-66e5-4e51-b2f7-014ec42c85cc');
INSERT INTO dbo.CohortFacetExpectation ([Id], [CohortId],  [FacetId], [ExpectationId]) VALUES ('cc9315f0-395e-4cc2-8076-806c83c5b695', '0d8ac0ab-ca46-4f07-8baa-2c0e1798cdcc', 'd373bc31-8622-42d2-8a8b-ad83d8ad0e3b', '56be46f5-66e5-4e51-b2f7-014ec42c85cc');
INSERT INTO dbo.CohortFacetExpectation ([Id], [CohortId],  [FacetId], [ExpectationId]) VALUES ('4471af97-7b48-470c-9c0e-8a1291c7eb24', '9d3d1201-eca6-424e-942b-82e48d2476c0', 'd373bc31-8622-42d2-8a8b-ad83d8ad0e3b', '7410b4c3-f6ca-43a1-9465-0cb0542ca9d7');
INSERT INTO dbo.CohortFacetExpectation ([Id], [CohortId],  [FacetId], [ExpectationId]) VALUES ('c6897d7b-619d-4c3d-b02a-673e290bae7a', '9a4f5330-2668-492c-9109-8d752f6081b1', 'd373bc31-8622-42d2-8a8b-ad83d8ad0e3b', '7410b4c3-f6ca-43a1-9465-0cb0542ca9d7');
INSERT INTO dbo.CohortFacetExpectation ([Id], [CohortId],  [FacetId], [ExpectationId]) VALUES ('43c8351c-9983-4842-ad57-22e1417e1f0c', 'f2a8dc4e-525b-4479-b83e-44a7139b4a58', 'd373bc31-8622-42d2-8a8b-ad83d8ad0e3b', '3fa20990-3b31-45af-b4a4-5b5bef0c44df');
INSERT INTO dbo.CohortFacetExpectation ([Id], [CohortId],  [FacetId], [ExpectationId]) VALUES ('e50484de-6048-4861-a3d5-05ccacbc4df3', '4702fd60-3c68-4b73-998f-1b779449c89e', 'd373bc31-8622-42d2-8a8b-ad83d8ad0e3b', '3fa20990-3b31-45af-b4a4-5b5bef0c44df');
INSERT INTO dbo.CohortFacetExpectation ([Id], [CohortId],  [FacetId], [ExpectationId]) VALUES ('787fb963-c3d4-4e00-afe0-b1f2aec6588f', '966a4f33-c515-414d-b7dc-9606040697ca', 'd373bc31-8622-42d2-8a8b-ad83d8ad0e3b', '3fa20990-3b31-45af-b4a4-5b5bef0c44df');
INSERT INTO dbo.CohortFacetExpectation ([Id], [CohortId],  [FacetId], [ExpectationId]) VALUES ('6ae49334-7c7c-403b-a61d-b5aa0911309b', '32ff7205-fe59-4ce6-8eb7-017d7e84f7c0', 'd373bc31-8622-42d2-8a8b-ad83d8ad0e3b', 'abb114fe-b5c7-4382-afdb-522b915d5b43');
INSERT INTO dbo.CohortFacetExpectation ([Id], [CohortId],  [FacetId], [ExpectationId]) VALUES ('2148d3ed-6fb2-4592-8c03-6a2e40d18cac', 'e575e2ba-2dde-45c5-b1bc-081a407ae49c', 'd373bc31-8622-42d2-8a8b-ad83d8ad0e3b', 'aacffbfe-b546-4637-adf2-8ea54ab7fe06');
INSERT INTO dbo.CohortFacetExpectation ([Id], [CohortId],  [FacetId], [ExpectationId]) VALUES ('db1f02b5-e68d-4681-aead-d17f1781211d', 'bc4a9889-f73f-4554-957d-cede1e601a05', 'd373bc31-8622-42d2-8a8b-ad83d8ad0e3b', 'aacffbfe-b546-4637-adf2-8ea54ab7fe06');
INSERT INTO dbo.CohortFacetExpectation ([Id], [CohortId],  [FacetId], [ExpectationId]) VALUES ('03e53f8a-5620-4fcc-81a9-4a60839cab7e', 'd47904dc-b77c-4143-9a0e-a006d8b881f5', 'd373bc31-8622-42d2-8a8b-ad83d8ad0e3b', '268d9c4c-9c8c-417e-855d-5b756a06d355');
INSERT INTO dbo.CohortFacetExpectation ([Id], [CohortId],  [FacetId], [ExpectationId]) VALUES ('a457a043-6b95-45c2-b1b2-7cf75d37b377', '591211ee-689f-46e9-917c-8f9a04eb7546', '0eac4e09-a273-48d0-9903-935f9997d31f', '672bf497-fc52-4aff-8db5-ce2892c46a18');
INSERT INTO dbo.CohortFacetExpectation ([Id], [CohortId],  [FacetId], [ExpectationId]) VALUES ('ec549078-5fb5-4849-af52-3552c74b6493', '732a1a53-a6dc-49be-a18c-a1671de58f6d', '0eac4e09-a273-48d0-9903-935f9997d31f', '672bf497-fc52-4aff-8db5-ce2892c46a18');
INSERT INTO dbo.CohortFacetExpectation ([Id], [CohortId],  [FacetId], [ExpectationId]) VALUES ('a9dda65e-9789-426f-a181-764e9c8d0028', '66237380-cd06-4cae-848e-fc14638047b8', '0eac4e09-a273-48d0-9903-935f9997d31f', '672bf497-fc52-4aff-8db5-ce2892c46a18');
INSERT INTO dbo.CohortFacetExpectation ([Id], [CohortId],  [FacetId], [ExpectationId]) VALUES ('ebc5b11a-db2f-4cbc-a8ba-67a993697e3a', 'acdb76f6-fefb-4c4e-b8af-5eb79f1cbf98', '0eac4e09-a273-48d0-9903-935f9997d31f', 'b986110c-6ab4-4527-93b1-1577d655b14e');
INSERT INTO dbo.CohortFacetExpectation ([Id], [CohortId],  [FacetId], [ExpectationId]) VALUES ('fd7887e4-cb5e-40b3-b87e-54ebc56aaaac', '0d8ac0ab-ca46-4f07-8baa-2c0e1798cdcc', '0eac4e09-a273-48d0-9903-935f9997d31f', 'b986110c-6ab4-4527-93b1-1577d655b14e');
INSERT INTO dbo.CohortFacetExpectation ([Id], [CohortId],  [FacetId], [ExpectationId]) VALUES ('4fcb7097-f177-4bb1-8b71-079816e4e2a5', '9d3d1201-eca6-424e-942b-82e48d2476c0', '0eac4e09-a273-48d0-9903-935f9997d31f', 'b986110c-6ab4-4527-93b1-1577d655b14e');
INSERT INTO dbo.CohortFacetExpectation ([Id], [CohortId],  [FacetId], [ExpectationId]) VALUES ('5745e50b-a85b-4971-a018-de19b76bdbd2', '9a4f5330-2668-492c-9109-8d752f6081b1', '0eac4e09-a273-48d0-9903-935f9997d31f', 'b986110c-6ab4-4527-93b1-1577d655b14e');
INSERT INTO dbo.CohortFacetExpectation ([Id], [CohortId],  [FacetId], [ExpectationId]) VALUES ('a123e79a-d7a6-4aa7-984a-81816ecccbc8', 'f2a8dc4e-525b-4479-b83e-44a7139b4a58', '0eac4e09-a273-48d0-9903-935f9997d31f', 'd37aa81d-ff4c-4ad1-959e-f5b55a874980');
INSERT INTO dbo.CohortFacetExpectation ([Id], [CohortId],  [FacetId], [ExpectationId]) VALUES ('f10e5308-7213-45d6-801e-a38bc6261734', '4702fd60-3c68-4b73-998f-1b779449c89e', '0eac4e09-a273-48d0-9903-935f9997d31f', 'd0386630-0c6f-4e4b-afc8-11cc50bea89c');
INSERT INTO dbo.CohortFacetExpectation ([Id], [CohortId],  [FacetId], [ExpectationId]) VALUES ('a268d720-485c-4ece-9ab3-27ba2f0ceb0d', '966a4f33-c515-414d-b7dc-9606040697ca', '0eac4e09-a273-48d0-9903-935f9997d31f', '53187813-cceb-4183-8ded-42fbdecb6b16');
INSERT INTO dbo.CohortFacetExpectation ([Id], [CohortId],  [FacetId], [ExpectationId]) VALUES ('07eb5fde-33f6-4d1c-86ea-3ae634a16da4', '32ff7205-fe59-4ce6-8eb7-017d7e84f7c0', '0eac4e09-a273-48d0-9903-935f9997d31f', '53187813-cceb-4183-8ded-42fbdecb6b16');
INSERT INTO dbo.CohortFacetExpectation ([Id], [CohortId],  [FacetId], [ExpectationId]) VALUES ('4b75ff4a-a3cc-4385-b1ff-c69dd0e47e67', 'e575e2ba-2dde-45c5-b1bc-081a407ae49c', '0eac4e09-a273-48d0-9903-935f9997d31f', 'a819d4f9-cacf-40e8-aab3-f25a1e9df97e');
INSERT INTO dbo.CohortFacetExpectation ([Id], [CohortId],  [FacetId], [ExpectationId]) VALUES ('a495de92-6034-4697-9bd9-1dd4333c0a7a', 'bc4a9889-f73f-4554-957d-cede1e601a05', '0eac4e09-a273-48d0-9903-935f9997d31f', '88c94e89-8bdb-4eba-a8ca-563ac22cb13e');
INSERT INTO dbo.CohortFacetExpectation ([Id], [CohortId],  [FacetId], [ExpectationId]) VALUES ('e79980b2-f78f-4be1-ae88-320006f27ce5', 'd47904dc-b77c-4143-9a0e-a006d8b881f5', '0eac4e09-a273-48d0-9903-935f9997d31f', '88c94e89-8bdb-4eba-a8ca-563ac22cb13e');
INSERT INTO dbo.CohortFacetExpectation ([Id], [CohortId],  [FacetId], [ExpectationId]) VALUES ('58e88bbb-83dd-46e4-a042-330337e3e3d6', '591211ee-689f-46e9-917c-8f9a04eb7546', 'e53aa623-5da4-4149-992d-39647c9ea729', 'f4110528-d4f4-4fd5-b42b-54c22dd70f1e');
INSERT INTO dbo.CohortFacetExpectation ([Id], [CohortId],  [FacetId], [ExpectationId]) VALUES ('5c3207a1-16ba-45c2-b624-34909983aa73', '732a1a53-a6dc-49be-a18c-a1671de58f6d', 'e53aa623-5da4-4149-992d-39647c9ea729', 'f4110528-d4f4-4fd5-b42b-54c22dd70f1e');
INSERT INTO dbo.CohortFacetExpectation ([Id], [CohortId],  [FacetId], [ExpectationId]) VALUES ('a0821094-64b0-40ce-bfd8-139ef39a98d5', '66237380-cd06-4cae-848e-fc14638047b8', 'e53aa623-5da4-4149-992d-39647c9ea729', 'f4110528-d4f4-4fd5-b42b-54c22dd70f1e');
INSERT INTO dbo.CohortFacetExpectation ([Id], [CohortId],  [FacetId], [ExpectationId]) VALUES ('9c98cef4-2002-4e0c-add2-22dbb3ed9303', 'acdb76f6-fefb-4c4e-b8af-5eb79f1cbf98', 'e53aa623-5da4-4149-992d-39647c9ea729', '378071ee-3c03-4424-9a0e-6d384c74a111');
INSERT INTO dbo.CohortFacetExpectation ([Id], [CohortId],  [FacetId], [ExpectationId]) VALUES ('83fcbb3d-064c-489c-9609-31754cf965f6', '0d8ac0ab-ca46-4f07-8baa-2c0e1798cdcc', 'e53aa623-5da4-4149-992d-39647c9ea729', '378071ee-3c03-4424-9a0e-6d384c74a111');
INSERT INTO dbo.CohortFacetExpectation ([Id], [CohortId],  [FacetId], [ExpectationId]) VALUES ('7cfc95e5-ef06-48ec-b753-0cd4184b9615', '9d3d1201-eca6-424e-942b-82e48d2476c0', 'e53aa623-5da4-4149-992d-39647c9ea729', '9285186d-f50c-4d2d-9ca7-fd83748078c4');
INSERT INTO dbo.CohortFacetExpectation ([Id], [CohortId],  [FacetId], [ExpectationId]) VALUES ('9322b96b-ece5-460d-aa8c-28341a5193a5', '9a4f5330-2668-492c-9109-8d752f6081b1', 'e53aa623-5da4-4149-992d-39647c9ea729', '9285186d-f50c-4d2d-9ca7-fd83748078c4');
INSERT INTO dbo.CohortFacetExpectation ([Id], [CohortId],  [FacetId], [ExpectationId]) VALUES ('bc0af23c-e545-4522-a8d8-1210496aed7e', 'f2a8dc4e-525b-4479-b83e-44a7139b4a58', 'e53aa623-5da4-4149-992d-39647c9ea729', 'da4a36de-28d0-4749-9177-cb71dbb2d1cb');
INSERT INTO dbo.CohortFacetExpectation ([Id], [CohortId],  [FacetId], [ExpectationId]) VALUES ('02bed87f-4c1f-4290-a706-2e202650abfc', '4702fd60-3c68-4b73-998f-1b779449c89e', 'e53aa623-5da4-4149-992d-39647c9ea729', '918dc8b8-7c60-4dff-8b2b-bb1b513336b2');
INSERT INTO dbo.CohortFacetExpectation ([Id], [CohortId],  [FacetId], [ExpectationId]) VALUES ('c2dc9178-d306-46b9-a766-e8ae1dac86ba', '966a4f33-c515-414d-b7dc-9606040697ca', 'e53aa623-5da4-4149-992d-39647c9ea729', '667dbde2-6a40-47a4-9c10-2370ad483349');
INSERT INTO dbo.CohortFacetExpectation ([Id], [CohortId],  [FacetId], [ExpectationId]) VALUES ('61948a7b-22a3-487d-8641-7504290c3190', '32ff7205-fe59-4ce6-8eb7-017d7e84f7c0', 'e53aa623-5da4-4149-992d-39647c9ea729', '667dbde2-6a40-47a4-9c10-2370ad483349');
INSERT INTO dbo.CohortFacetExpectation ([Id], [CohortId],  [FacetId], [ExpectationId]) VALUES ('597013ca-70f1-4a4d-b0f7-480f693735fa', 'e575e2ba-2dde-45c5-b1bc-081a407ae49c', 'e53aa623-5da4-4149-992d-39647c9ea729', 'e0393f17-94c8-4db3-9c03-c57fb7abe241');
INSERT INTO dbo.CohortFacetExpectation ([Id], [CohortId],  [FacetId], [ExpectationId]) VALUES ('0a3cff83-e442-43be-b1dc-986ed38a01e8', 'bc4a9889-f73f-4554-957d-cede1e601a05', 'e53aa623-5da4-4149-992d-39647c9ea729', '29dd193e-c010-4495-97e7-7d5aeceb8cf0');
INSERT INTO dbo.CohortFacetExpectation ([Id], [CohortId],  [FacetId], [ExpectationId]) VALUES ('83b1c397-f5a7-4d71-92a0-29c6ee28edfb', 'd47904dc-b77c-4143-9a0e-a006d8b881f5', 'e53aa623-5da4-4149-992d-39647c9ea729', 'dc267cd7-3ccb-41a6-896e-b50c2db33224');
INSERT INTO dbo.CohortFacetExpectation ([Id], [CohortId],  [FacetId], [ExpectationId]) VALUES ('c0e8a05e-3962-4e92-b4d1-ce28e922eca2', '591211ee-689f-46e9-917c-8f9a04eb7546', 'eb4e68c9-3575-4964-bc31-79b76df858ba', '233278f1-0bee-45c4-9fe5-a14d24bd9734');
INSERT INTO dbo.CohortFacetExpectation ([Id], [CohortId],  [FacetId], [ExpectationId]) VALUES ('371e4716-3041-4cca-a180-7bccc13b67c6', '732a1a53-a6dc-49be-a18c-a1671de58f6d', 'eb4e68c9-3575-4964-bc31-79b76df858ba', '233278f1-0bee-45c4-9fe5-a14d24bd9734');
INSERT INTO dbo.CohortFacetExpectation ([Id], [CohortId],  [FacetId], [ExpectationId]) VALUES ('ef068596-938e-4fae-9e1f-e66c28837172', '66237380-cd06-4cae-848e-fc14638047b8', 'eb4e68c9-3575-4964-bc31-79b76df858ba', '233278f1-0bee-45c4-9fe5-a14d24bd9734');
INSERT INTO dbo.CohortFacetExpectation ([Id], [CohortId],  [FacetId], [ExpectationId]) VALUES ('05f6885c-3c6d-4931-be32-d5b8264e56aa', 'acdb76f6-fefb-4c4e-b8af-5eb79f1cbf98', 'eb4e68c9-3575-4964-bc31-79b76df858ba', '4319afff-56e9-4b5e-863f-90993b0b2da3');
INSERT INTO dbo.CohortFacetExpectation ([Id], [CohortId],  [FacetId], [ExpectationId]) VALUES ('578b0187-3682-4508-864c-f3bd791598b4', '0d8ac0ab-ca46-4f07-8baa-2c0e1798cdcc', 'eb4e68c9-3575-4964-bc31-79b76df858ba', 'c25b4f61-c033-4ea8-ae34-a4173c2074cf');
INSERT INTO dbo.CohortFacetExpectation ([Id], [CohortId],  [FacetId], [ExpectationId]) VALUES ('eeb77e0c-c5a4-47cc-afe0-0b7574a882ad', '9d3d1201-eca6-424e-942b-82e48d2476c0', 'eb4e68c9-3575-4964-bc31-79b76df858ba', 'c25b4f61-c033-4ea8-ae34-a4173c2074cf');
INSERT INTO dbo.CohortFacetExpectation ([Id], [CohortId],  [FacetId], [ExpectationId]) VALUES ('fdabf386-2402-4626-8731-f777a9b5f7cb', '9a4f5330-2668-492c-9109-8d752f6081b1', 'eb4e68c9-3575-4964-bc31-79b76df858ba', 'c25b4f61-c033-4ea8-ae34-a4173c2074cf');
INSERT INTO dbo.CohortFacetExpectation ([Id], [CohortId],  [FacetId], [ExpectationId]) VALUES ('1d8ebbb5-ad99-480e-91e5-1715d7ec9bac', 'f2a8dc4e-525b-4479-b83e-44a7139b4a58', 'eb4e68c9-3575-4964-bc31-79b76df858ba', 'ec086125-76dc-4e5e-9258-f8921e537df0');
INSERT INTO dbo.CohortFacetExpectation ([Id], [CohortId],  [FacetId], [ExpectationId]) VALUES ('88247e03-ffe0-47e7-88f6-dedf8693a834', '4702fd60-3c68-4b73-998f-1b779449c89e', 'eb4e68c9-3575-4964-bc31-79b76df858ba', 'c57579e6-4e8d-4b3f-8c2d-004d9607c2a8');
INSERT INTO dbo.CohortFacetExpectation ([Id], [CohortId],  [FacetId], [ExpectationId]) VALUES ('e0c36896-a9fc-4afa-98d1-d1a67b323038', '966a4f33-c515-414d-b7dc-9606040697ca', 'eb4e68c9-3575-4964-bc31-79b76df858ba', 'bc8d4a05-bb42-4d83-929a-01760be8aa9e');
INSERT INTO dbo.CohortFacetExpectation ([Id], [CohortId],  [FacetId], [ExpectationId]) VALUES ('4314a819-deb5-4c58-955b-e340514e3df0', '32ff7205-fe59-4ce6-8eb7-017d7e84f7c0', 'eb4e68c9-3575-4964-bc31-79b76df858ba', 'bc8d4a05-bb42-4d83-929a-01760be8aa9e');
INSERT INTO dbo.CohortFacetExpectation ([Id], [CohortId],  [FacetId], [ExpectationId]) VALUES ('fbc3af2e-33fc-4ac0-8c30-3f61d8394abb', 'e575e2ba-2dde-45c5-b1bc-081a407ae49c', 'eb4e68c9-3575-4964-bc31-79b76df858ba', '56597d65-89de-4449-9b18-1e20b816ace9');
INSERT INTO dbo.CohortFacetExpectation ([Id], [CohortId],  [FacetId], [ExpectationId]) VALUES ('0f18f8dc-ea8e-4de1-895e-e1e2d26490df', 'bc4a9889-f73f-4554-957d-cede1e601a05', 'eb4e68c9-3575-4964-bc31-79b76df858ba', 'c3a8fd39-68b6-4b21-912f-1209af1fbdcd');
INSERT INTO dbo.CohortFacetExpectation ([Id], [CohortId],  [FacetId], [ExpectationId]) VALUES ('cbe4c64e-e52a-4bcc-ad8f-f864aac0d15f', 'd47904dc-b77c-4143-9a0e-a006d8b881f5', 'eb4e68c9-3575-4964-bc31-79b76df858ba', '58a7d4e3-0fe4-48d1-bc26-7a54813fcec7');
INSERT INTO dbo.CohortFacetExpectation ([Id], [CohortId],  [FacetId], [ExpectationId]) VALUES ('a4d43f3e-200c-4138-adeb-955121fd2a22', '591211ee-689f-46e9-917c-8f9a04eb7546', 'c2c1391a-bb07-4d50-89ca-01dc48108e5e', '7fe36ec2-986f-460c-8c6d-7634d9637c5b');
INSERT INTO dbo.CohortFacetExpectation ([Id], [CohortId],  [FacetId], [ExpectationId]) VALUES ('0919b54d-0ff4-46f0-aae9-ff3de1878abe', '732a1a53-a6dc-49be-a18c-a1671de58f6d', 'c2c1391a-bb07-4d50-89ca-01dc48108e5e', '7f755398-965d-4a92-8a00-b76ace9f1c6e');
INSERT INTO dbo.CohortFacetExpectation ([Id], [CohortId],  [FacetId], [ExpectationId]) VALUES ('691238cb-8a47-4be0-9e3b-1927bc633b50', '66237380-cd06-4cae-848e-fc14638047b8', 'c2c1391a-bb07-4d50-89ca-01dc48108e5e', '7f755398-965d-4a92-8a00-b76ace9f1c6e');
INSERT INTO dbo.CohortFacetExpectation ([Id], [CohortId],  [FacetId], [ExpectationId]) VALUES ('d47884db-f1e5-4d6d-a7d0-2e9d71b94de1', 'acdb76f6-fefb-4c4e-b8af-5eb79f1cbf98', 'c2c1391a-bb07-4d50-89ca-01dc48108e5e', '7f755398-965d-4a92-8a00-b76ace9f1c6e');
INSERT INTO dbo.CohortFacetExpectation ([Id], [CohortId],  [FacetId], [ExpectationId]) VALUES ('0a76888c-f2c8-4d57-9102-6c00bc01d332', '0d8ac0ab-ca46-4f07-8baa-2c0e1798cdcc', 'c2c1391a-bb07-4d50-89ca-01dc48108e5e', '7f755398-965d-4a92-8a00-b76ace9f1c6e');
INSERT INTO dbo.CohortFacetExpectation ([Id], [CohortId],  [FacetId], [ExpectationId]) VALUES ('1a73eb12-1c80-4825-85db-5bbb504d6856', '9d3d1201-eca6-424e-942b-82e48d2476c0', 'c2c1391a-bb07-4d50-89ca-01dc48108e5e', '7f755398-965d-4a92-8a00-b76ace9f1c6e');
INSERT INTO dbo.CohortFacetExpectation ([Id], [CohortId],  [FacetId], [ExpectationId]) VALUES ('7ba99c35-43ea-4f72-9152-3d47d66eb5c9', '9a4f5330-2668-492c-9109-8d752f6081b1', 'c2c1391a-bb07-4d50-89ca-01dc48108e5e', '8ac73ac6-743d-4d59-9a6e-f4d138b9efe9');
INSERT INTO dbo.CohortFacetExpectation ([Id], [CohortId],  [FacetId], [ExpectationId]) VALUES ('a788d24a-b7b1-404b-beb7-73bbd0473f59', 'f2a8dc4e-525b-4479-b83e-44a7139b4a58', 'c2c1391a-bb07-4d50-89ca-01dc48108e5e', '8ac73ac6-743d-4d59-9a6e-f4d138b9efe9');
INSERT INTO dbo.CohortFacetExpectation ([Id], [CohortId],  [FacetId], [ExpectationId]) VALUES ('8ccecc2b-9a78-42a5-a729-e571e9e0f25d', '4702fd60-3c68-4b73-998f-1b779449c89e', 'c2c1391a-bb07-4d50-89ca-01dc48108e5e', '85478b6b-859d-4b24-bc23-c8f1e92238c0');
INSERT INTO dbo.CohortFacetExpectation ([Id], [CohortId],  [FacetId], [ExpectationId]) VALUES ('5e2b177c-8867-4fae-a3cc-bb248c0bc1aa', '966a4f33-c515-414d-b7dc-9606040697ca', 'c2c1391a-bb07-4d50-89ca-01dc48108e5e', '85478b6b-859d-4b24-bc23-c8f1e92238c0');
INSERT INTO dbo.CohortFacetExpectation ([Id], [CohortId],  [FacetId], [ExpectationId]) VALUES ('eab386d0-ffa5-4da1-aa13-91fae89e0f85', '32ff7205-fe59-4ce6-8eb7-017d7e84f7c0', 'c2c1391a-bb07-4d50-89ca-01dc48108e5e', 'd8850aef-1b53-4057-9b04-c00af61e42e2');
INSERT INTO dbo.CohortFacetExpectation ([Id], [CohortId],  [FacetId], [ExpectationId]) VALUES ('3439e358-f953-4382-8bac-e6968df9ba28', 'e575e2ba-2dde-45c5-b1bc-081a407ae49c', 'c2c1391a-bb07-4d50-89ca-01dc48108e5e', 'd8850aef-1b53-4057-9b04-c00af61e42e2');
INSERT INTO dbo.CohortFacetExpectation ([Id], [CohortId],  [FacetId], [ExpectationId]) VALUES ('3a9b753c-c672-4a18-8503-0d8d2f850263', 'bc4a9889-f73f-4554-957d-cede1e601a05', 'c2c1391a-bb07-4d50-89ca-01dc48108e5e', 'd8850aef-1b53-4057-9b04-c00af61e42e2');
INSERT INTO dbo.CohortFacetExpectation ([Id], [CohortId],  [FacetId], [ExpectationId]) VALUES ('0fa13643-087f-49c9-9d1a-07f6fa089436', 'd47904dc-b77c-4143-9a0e-a006d8b881f5', 'c2c1391a-bb07-4d50-89ca-01dc48108e5e', '98b9ed27-098a-4afc-a484-628d5ec42fed');
INSERT INTO dbo.CohortFacetExpectation ([Id], [CohortId],  [FacetId], [ExpectationId]) VALUES ('06146515-5477-4e30-aa66-51b522d28d52', '591211ee-689f-46e9-917c-8f9a04eb7546', 'd36265ac-28bc-4313-bb0b-247d250127a5', '1c4cf62f-5841-48cf-a9be-f6f3d48c3ffb');
INSERT INTO dbo.CohortFacetExpectation ([Id], [CohortId],  [FacetId], [ExpectationId]) VALUES ('2d7d657a-20a6-47c1-87a4-92dcbb195862', '732a1a53-a6dc-49be-a18c-a1671de58f6d', 'd36265ac-28bc-4313-bb0b-247d250127a5', '1c4cf62f-5841-48cf-a9be-f6f3d48c3ffb');
INSERT INTO dbo.CohortFacetExpectation ([Id], [CohortId],  [FacetId], [ExpectationId]) VALUES ('72f54fd3-52e1-454b-aeff-1849677a1ccc', '66237380-cd06-4cae-848e-fc14638047b8', 'd36265ac-28bc-4313-bb0b-247d250127a5', '1c4cf62f-5841-48cf-a9be-f6f3d48c3ffb');
INSERT INTO dbo.CohortFacetExpectation ([Id], [CohortId],  [FacetId], [ExpectationId]) VALUES ('22805351-0194-47f1-8fe5-b2789e6e0cb1', 'acdb76f6-fefb-4c4e-b8af-5eb79f1cbf98', 'd36265ac-28bc-4313-bb0b-247d250127a5', '1c4cf62f-5841-48cf-a9be-f6f3d48c3ffb');
INSERT INTO dbo.CohortFacetExpectation ([Id], [CohortId],  [FacetId], [ExpectationId]) VALUES ('ca2cae38-6267-44b2-a161-3e6d643851df', '0d8ac0ab-ca46-4f07-8baa-2c0e1798cdcc', 'd36265ac-28bc-4313-bb0b-247d250127a5', '1c4cf62f-5841-48cf-a9be-f6f3d48c3ffb');
INSERT INTO dbo.CohortFacetExpectation ([Id], [CohortId],  [FacetId], [ExpectationId]) VALUES ('75d5a602-7011-4bdc-b6cb-007a6d39bce0', '9d3d1201-eca6-424e-942b-82e48d2476c0', 'd36265ac-28bc-4313-bb0b-247d250127a5', 'e9caf8d5-e4df-4ebc-83e8-7de4a3f8e816');
INSERT INTO dbo.CohortFacetExpectation ([Id], [CohortId],  [FacetId], [ExpectationId]) VALUES ('f8ec52bf-4f4d-4c11-95e1-ae3107b7f03c', '9a4f5330-2668-492c-9109-8d752f6081b1', 'd36265ac-28bc-4313-bb0b-247d250127a5', 'e9caf8d5-e4df-4ebc-83e8-7de4a3f8e816');
INSERT INTO dbo.CohortFacetExpectation ([Id], [CohortId],  [FacetId], [ExpectationId]) VALUES ('09a07743-2737-4345-83d6-a1668f9d0b9f', 'f2a8dc4e-525b-4479-b83e-44a7139b4a58', 'd36265ac-28bc-4313-bb0b-247d250127a5', 'e9caf8d5-e4df-4ebc-83e8-7de4a3f8e816');
INSERT INTO dbo.CohortFacetExpectation ([Id], [CohortId],  [FacetId], [ExpectationId]) VALUES ('5e0c4303-921e-4c82-bd08-35247a8dcdb0', '4702fd60-3c68-4b73-998f-1b779449c89e', 'd36265ac-28bc-4313-bb0b-247d250127a5', 'bacf8b0b-33eb-4b58-bd8f-913df605fac1');
INSERT INTO dbo.CohortFacetExpectation ([Id], [CohortId],  [FacetId], [ExpectationId]) VALUES ('433a9769-e4dd-4144-a4ce-3c1ef25a0f07', '966a4f33-c515-414d-b7dc-9606040697ca', 'd36265ac-28bc-4313-bb0b-247d250127a5', 'bacf8b0b-33eb-4b58-bd8f-913df605fac1');
INSERT INTO dbo.CohortFacetExpectation ([Id], [CohortId],  [FacetId], [ExpectationId]) VALUES ('75d00c59-e27f-4c7f-88fa-c44003c38836', '32ff7205-fe59-4ce6-8eb7-017d7e84f7c0', 'd36265ac-28bc-4313-bb0b-247d250127a5', 'bacf8b0b-33eb-4b58-bd8f-913df605fac1');
INSERT INTO dbo.CohortFacetExpectation ([Id], [CohortId],  [FacetId], [ExpectationId]) VALUES ('240841c7-e82b-4d88-82c7-d9c3dbcef28b', 'e575e2ba-2dde-45c5-b1bc-081a407ae49c', 'd36265ac-28bc-4313-bb0b-247d250127a5', 'bacf8b0b-33eb-4b58-bd8f-913df605fac1');
INSERT INTO dbo.CohortFacetExpectation ([Id], [CohortId],  [FacetId], [ExpectationId]) VALUES ('c857efc0-b72b-4e3b-827b-842e705ce8c7', 'bc4a9889-f73f-4554-957d-cede1e601a05', 'd36265ac-28bc-4313-bb0b-247d250127a5', 'bacf8b0b-33eb-4b58-bd8f-913df605fac1');
INSERT INTO dbo.CohortFacetExpectation ([Id], [CohortId],  [FacetId], [ExpectationId]) VALUES ('faeb76de-b12a-44de-a30b-6418beadaec5', 'd47904dc-b77c-4143-9a0e-a006d8b881f5', 'd36265ac-28bc-4313-bb0b-247d250127a5', 'bacf8b0b-33eb-4b58-bd8f-913df605fac1');
INSERT INTO dbo.CohortFacetExpectation ([Id], [CohortId],  [FacetId], [ExpectationId]) VALUES ('307db824-7b4f-49a9-8977-c2e2cfd2d4d3', '591211ee-689f-46e9-917c-8f9a04eb7546', 'f75dbea4-8650-493f-9296-515f1ba1df3a', '6a3e36ef-45c1-4f9b-8fa2-641b59ba2d17');
INSERT INTO dbo.CohortFacetExpectation ([Id], [CohortId],  [FacetId], [ExpectationId]) VALUES ('9fb30b80-e04f-4e7e-846a-9e7eaa460b61', '732a1a53-a6dc-49be-a18c-a1671de58f6d', 'f75dbea4-8650-493f-9296-515f1ba1df3a', '6a3e36ef-45c1-4f9b-8fa2-641b59ba2d17');
INSERT INTO dbo.CohortFacetExpectation ([Id], [CohortId],  [FacetId], [ExpectationId]) VALUES ('17b2d45d-1dc6-43bc-a9e8-598f35393524', '66237380-cd06-4cae-848e-fc14638047b8', 'f75dbea4-8650-493f-9296-515f1ba1df3a', '6a3e36ef-45c1-4f9b-8fa2-641b59ba2d17');
INSERT INTO dbo.CohortFacetExpectation ([Id], [CohortId],  [FacetId], [ExpectationId]) VALUES ('5c2e9deb-cc58-4e28-bd60-2adfdf19b14d', 'acdb76f6-fefb-4c4e-b8af-5eb79f1cbf98', 'f75dbea4-8650-493f-9296-515f1ba1df3a', '6a3e36ef-45c1-4f9b-8fa2-641b59ba2d17');
INSERT INTO dbo.CohortFacetExpectation ([Id], [CohortId],  [FacetId], [ExpectationId]) VALUES ('2f32a116-1cb2-43a0-b61d-76ca705a17ee', '0d8ac0ab-ca46-4f07-8baa-2c0e1798cdcc', 'f75dbea4-8650-493f-9296-515f1ba1df3a', '6a3e36ef-45c1-4f9b-8fa2-641b59ba2d17');
INSERT INTO dbo.CohortFacetExpectation ([Id], [CohortId],  [FacetId], [ExpectationId]) VALUES ('770c7e16-da07-4dbf-997d-567c40035d2a', '9d3d1201-eca6-424e-942b-82e48d2476c0', 'f75dbea4-8650-493f-9296-515f1ba1df3a', '6a3e36ef-45c1-4f9b-8fa2-641b59ba2d17');
INSERT INTO dbo.CohortFacetExpectation ([Id], [CohortId],  [FacetId], [ExpectationId]) VALUES ('c6a1ac37-e8a0-45f2-a4f2-2bbe18284fba', '9a4f5330-2668-492c-9109-8d752f6081b1', 'f75dbea4-8650-493f-9296-515f1ba1df3a', '6a3e36ef-45c1-4f9b-8fa2-641b59ba2d17');
INSERT INTO dbo.CohortFacetExpectation ([Id], [CohortId],  [FacetId], [ExpectationId]) VALUES ('f57dea98-8914-4e98-87fe-4ca62b2573ba', 'f2a8dc4e-525b-4479-b83e-44a7139b4a58', 'f75dbea4-8650-493f-9296-515f1ba1df3a', '6a3e36ef-45c1-4f9b-8fa2-641b59ba2d17');
INSERT INTO dbo.CohortFacetExpectation ([Id], [CohortId],  [FacetId], [ExpectationId]) VALUES ('363d73d6-4af0-4fd6-ba75-5e3b38cd3157', '4702fd60-3c68-4b73-998f-1b779449c89e', 'f75dbea4-8650-493f-9296-515f1ba1df3a', '71774ff9-14a2-488a-8aa2-9f15b3b82dd2');
INSERT INTO dbo.CohortFacetExpectation ([Id], [CohortId],  [FacetId], [ExpectationId]) VALUES ('ef615bfc-45e1-4a4d-8c07-f36f2b4a74b5', '966a4f33-c515-414d-b7dc-9606040697ca', 'f75dbea4-8650-493f-9296-515f1ba1df3a', '71774ff9-14a2-488a-8aa2-9f15b3b82dd2');
INSERT INTO dbo.CohortFacetExpectation ([Id], [CohortId],  [FacetId], [ExpectationId]) VALUES ('71642f1e-0780-42da-9103-5d52c1e85494', '32ff7205-fe59-4ce6-8eb7-017d7e84f7c0', 'f75dbea4-8650-493f-9296-515f1ba1df3a', '71774ff9-14a2-488a-8aa2-9f15b3b82dd2');
INSERT INTO dbo.CohortFacetExpectation ([Id], [CohortId],  [FacetId], [ExpectationId]) VALUES ('a72d73d2-d654-4fc6-94d0-cc5263cca327', 'e575e2ba-2dde-45c5-b1bc-081a407ae49c', 'f75dbea4-8650-493f-9296-515f1ba1df3a', 'defc8a76-627e-49c4-9e66-512eb06cbaa2');
INSERT INTO dbo.CohortFacetExpectation ([Id], [CohortId],  [FacetId], [ExpectationId]) VALUES ('8f4b4556-8550-4131-99c3-3cf5d032f802', 'bc4a9889-f73f-4554-957d-cede1e601a05', 'f75dbea4-8650-493f-9296-515f1ba1df3a', 'defc8a76-627e-49c4-9e66-512eb06cbaa2');
INSERT INTO dbo.CohortFacetExpectation ([Id], [CohortId],  [FacetId], [ExpectationId]) VALUES ('b1e462b2-d1bb-43ed-b055-7e2fd3870fe7', 'd47904dc-b77c-4143-9a0e-a006d8b881f5', 'f75dbea4-8650-493f-9296-515f1ba1df3a', '65a7bdc7-d932-4098-af80-4a3930ffd5b6');
INSERT INTO dbo.CohortFacetExpectation ([Id], [CohortId],  [FacetId], [ExpectationId]) VALUES ('49dd2dbb-4fed-4b54-9c68-5ea2c06c5711', '591211ee-689f-46e9-917c-8f9a04eb7546', '6bd71afb-a950-478a-b1ec-2a5b9040be82', '7f0e3210-0381-4423-bacd-a8210e425db7');
INSERT INTO dbo.CohortFacetExpectation ([Id], [CohortId],  [FacetId], [ExpectationId]) VALUES ('01f45a97-e2e9-47f9-ba02-e7f83c058c4c', '732a1a53-a6dc-49be-a18c-a1671de58f6d', '6bd71afb-a950-478a-b1ec-2a5b9040be82', '7f0e3210-0381-4423-bacd-a8210e425db7');
INSERT INTO dbo.CohortFacetExpectation ([Id], [CohortId],  [FacetId], [ExpectationId]) VALUES ('19139dcf-5fc0-44b8-85dc-21df7b37f6b0', '66237380-cd06-4cae-848e-fc14638047b8', '6bd71afb-a950-478a-b1ec-2a5b9040be82', '7f0e3210-0381-4423-bacd-a8210e425db7');
INSERT INTO dbo.CohortFacetExpectation ([Id], [CohortId],  [FacetId], [ExpectationId]) VALUES ('ac5b1e57-3284-4545-a986-82b9f1de660e', 'acdb76f6-fefb-4c4e-b8af-5eb79f1cbf98', '6bd71afb-a950-478a-b1ec-2a5b9040be82', '7f0e3210-0381-4423-bacd-a8210e425db7');
INSERT INTO dbo.CohortFacetExpectation ([Id], [CohortId],  [FacetId], [ExpectationId]) VALUES ('cd7529d8-eb1e-4345-a183-bbd7de05e90f', '0d8ac0ab-ca46-4f07-8baa-2c0e1798cdcc', '6bd71afb-a950-478a-b1ec-2a5b9040be82', '7f0e3210-0381-4423-bacd-a8210e425db7');
INSERT INTO dbo.CohortFacetExpectation ([Id], [CohortId],  [FacetId], [ExpectationId]) VALUES ('dfff617d-9a62-47d6-9235-3c8bf7a20575', '9d3d1201-eca6-424e-942b-82e48d2476c0', '6bd71afb-a950-478a-b1ec-2a5b9040be82', '2508b2e3-f9df-486f-9bc6-3057aaca5c04');
INSERT INTO dbo.CohortFacetExpectation ([Id], [CohortId],  [FacetId], [ExpectationId]) VALUES ('b9596cf2-dcc5-4644-a48e-8713b07c4053', '9a4f5330-2668-492c-9109-8d752f6081b1', '6bd71afb-a950-478a-b1ec-2a5b9040be82', '2508b2e3-f9df-486f-9bc6-3057aaca5c04');
INSERT INTO dbo.CohortFacetExpectation ([Id], [CohortId],  [FacetId], [ExpectationId]) VALUES ('b6b96c5a-3953-488a-b91b-03a834a858ee', 'f2a8dc4e-525b-4479-b83e-44a7139b4a58', '6bd71afb-a950-478a-b1ec-2a5b9040be82', '2508b2e3-f9df-486f-9bc6-3057aaca5c04');
INSERT INTO dbo.CohortFacetExpectation ([Id], [CohortId],  [FacetId], [ExpectationId]) VALUES ('9a15b687-305f-4da8-be87-ba125848fcc5', '4702fd60-3c68-4b73-998f-1b779449c89e', '6bd71afb-a950-478a-b1ec-2a5b9040be82', '4739cf4f-c119-43b3-8e26-fbf9e34ca4e1');
INSERT INTO dbo.CohortFacetExpectation ([Id], [CohortId],  [FacetId], [ExpectationId]) VALUES ('67f60d94-5770-49c3-a893-997e939aa9b9', '966a4f33-c515-414d-b7dc-9606040697ca', '6bd71afb-a950-478a-b1ec-2a5b9040be82', '4739cf4f-c119-43b3-8e26-fbf9e34ca4e1');
INSERT INTO dbo.CohortFacetExpectation ([Id], [CohortId],  [FacetId], [ExpectationId]) VALUES ('7e57a381-91ad-4d0d-b4a7-407344f77628', '32ff7205-fe59-4ce6-8eb7-017d7e84f7c0', '6bd71afb-a950-478a-b1ec-2a5b9040be82', '4739cf4f-c119-43b3-8e26-fbf9e34ca4e1');
INSERT INTO dbo.CohortFacetExpectation ([Id], [CohortId],  [FacetId], [ExpectationId]) VALUES ('9b0943b6-56f5-4a0e-9210-dccaf1923f4a', 'e575e2ba-2dde-45c5-b1bc-081a407ae49c', '6bd71afb-a950-478a-b1ec-2a5b9040be82', '4739cf4f-c119-43b3-8e26-fbf9e34ca4e1');
INSERT INTO dbo.CohortFacetExpectation ([Id], [CohortId],  [FacetId], [ExpectationId]) VALUES ('3e73a719-7fb6-43f5-9670-2b89589e5bcf', 'bc4a9889-f73f-4554-957d-cede1e601a05', '6bd71afb-a950-478a-b1ec-2a5b9040be82', '4739cf4f-c119-43b3-8e26-fbf9e34ca4e1');
INSERT INTO dbo.CohortFacetExpectation ([Id], [CohortId],  [FacetId], [ExpectationId]) VALUES ('72d33ab9-95e3-4ea3-8eb9-b23e3135dbf7', 'd47904dc-b77c-4143-9a0e-a006d8b881f5', '6bd71afb-a950-478a-b1ec-2a5b9040be82', 'd169fc9f-19e1-4dd0-b081-0be5d20321f7');
INSERT INTO dbo.CohortFacetExpectation ([Id], [CohortId],  [FacetId], [ExpectationId]) VALUES ('42990f3e-4302-4835-b562-3adf683b23a1', '591211ee-689f-46e9-917c-8f9a04eb7546', '37c31a1f-ec67-4e33-8aef-e83c37c3c498', 'c4547d40-bd11-4ab2-ac50-797cb6449f5a');
INSERT INTO dbo.CohortFacetExpectation ([Id], [CohortId],  [FacetId], [ExpectationId]) VALUES ('de94fac8-b01a-4086-ab90-0f4f37f89f4e', '732a1a53-a6dc-49be-a18c-a1671de58f6d', '37c31a1f-ec67-4e33-8aef-e83c37c3c498', 'c4547d40-bd11-4ab2-ac50-797cb6449f5a');
INSERT INTO dbo.CohortFacetExpectation ([Id], [CohortId],  [FacetId], [ExpectationId]) VALUES ('e5be2936-ebbd-4ff0-946e-deac66a72a2b', '66237380-cd06-4cae-848e-fc14638047b8', '37c31a1f-ec67-4e33-8aef-e83c37c3c498', 'c4547d40-bd11-4ab2-ac50-797cb6449f5a');
INSERT INTO dbo.CohortFacetExpectation ([Id], [CohortId],  [FacetId], [ExpectationId]) VALUES ('a9fce5e0-3e4c-4e01-b649-85b7c67809b1', 'acdb76f6-fefb-4c4e-b8af-5eb79f1cbf98', '37c31a1f-ec67-4e33-8aef-e83c37c3c498', 'c4547d40-bd11-4ab2-ac50-797cb6449f5a');
INSERT INTO dbo.CohortFacetExpectation ([Id], [CohortId],  [FacetId], [ExpectationId]) VALUES ('4a1202d1-37a3-46be-ae81-5c4198eecc90', '0d8ac0ab-ca46-4f07-8baa-2c0e1798cdcc', '37c31a1f-ec67-4e33-8aef-e83c37c3c498', 'c4547d40-bd11-4ab2-ac50-797cb6449f5a');
INSERT INTO dbo.CohortFacetExpectation ([Id], [CohortId],  [FacetId], [ExpectationId]) VALUES ('4917f8f3-2672-43fc-ad5d-2fd08fc1f996', '9d3d1201-eca6-424e-942b-82e48d2476c0', '37c31a1f-ec67-4e33-8aef-e83c37c3c498', 'e9176d54-e1f7-48ad-93e9-dbf4f14aed5b');
INSERT INTO dbo.CohortFacetExpectation ([Id], [CohortId],  [FacetId], [ExpectationId]) VALUES ('2acb0f76-2dce-4873-b21b-1205aeb5e5c6', '9a4f5330-2668-492c-9109-8d752f6081b1', '37c31a1f-ec67-4e33-8aef-e83c37c3c498', 'e9176d54-e1f7-48ad-93e9-dbf4f14aed5b');
INSERT INTO dbo.CohortFacetExpectation ([Id], [CohortId],  [FacetId], [ExpectationId]) VALUES ('cd418326-b175-472d-9b69-d81b91df2532', 'f2a8dc4e-525b-4479-b83e-44a7139b4a58', '37c31a1f-ec67-4e33-8aef-e83c37c3c498', '342196dc-9e26-4ca6-8544-ec88c524c48b');
INSERT INTO dbo.CohortFacetExpectation ([Id], [CohortId],  [FacetId], [ExpectationId]) VALUES ('4b869d1a-6750-4929-bcec-416243a93a75', '4702fd60-3c68-4b73-998f-1b779449c89e', '37c31a1f-ec67-4e33-8aef-e83c37c3c498', '342196dc-9e26-4ca6-8544-ec88c524c48b');
INSERT INTO dbo.CohortFacetExpectation ([Id], [CohortId],  [FacetId], [ExpectationId]) VALUES ('7f5fe8a9-1761-4553-bc37-21570cce1579', '966a4f33-c515-414d-b7dc-9606040697ca', '37c31a1f-ec67-4e33-8aef-e83c37c3c498', '342196dc-9e26-4ca6-8544-ec88c524c48b');
INSERT INTO dbo.CohortFacetExpectation ([Id], [CohortId],  [FacetId], [ExpectationId]) VALUES ('91f31079-18d2-434c-ba22-3a0645efdc45', '32ff7205-fe59-4ce6-8eb7-017d7e84f7c0', '37c31a1f-ec67-4e33-8aef-e83c37c3c498', '342196dc-9e26-4ca6-8544-ec88c524c48b');
INSERT INTO dbo.CohortFacetExpectation ([Id], [CohortId],  [FacetId], [ExpectationId]) VALUES ('4d17ce07-393b-49f7-b015-6fda7ca786ae', 'e575e2ba-2dde-45c5-b1bc-081a407ae49c', '37c31a1f-ec67-4e33-8aef-e83c37c3c498', '342196dc-9e26-4ca6-8544-ec88c524c48b');
INSERT INTO dbo.CohortFacetExpectation ([Id], [CohortId],  [FacetId], [ExpectationId]) VALUES ('df7adfb1-2a25-435e-990c-f73beb0e9366', 'bc4a9889-f73f-4554-957d-cede1e601a05', '37c31a1f-ec67-4e33-8aef-e83c37c3c498', '342196dc-9e26-4ca6-8544-ec88c524c48b');
INSERT INTO dbo.CohortFacetExpectation ([Id], [CohortId],  [FacetId], [ExpectationId]) VALUES ('cd1ca8b4-28ca-41c5-8a8a-8b2e50448706', 'd47904dc-b77c-4143-9a0e-a006d8b881f5', '37c31a1f-ec67-4e33-8aef-e83c37c3c498', '000a2456-c51b-4939-a394-d3bde43945ca');
INSERT INTO dbo.CohortFacetExpectation ([Id], [CohortId],  [FacetId], [ExpectationId]) VALUES ('f5928e33-d461-4bc2-a92c-65e163ec14d6', '591211ee-689f-46e9-917c-8f9a04eb7546', '49665fd1-e206-4acf-b332-f42ccba75699', '7d56cc7d-10f0-4224-a102-29bfa739a8ee');
INSERT INTO dbo.CohortFacetExpectation ([Id], [CohortId],  [FacetId], [ExpectationId]) VALUES ('6d26c644-ef0d-4503-8b48-35b9319a1929', '732a1a53-a6dc-49be-a18c-a1671de58f6d', '49665fd1-e206-4acf-b332-f42ccba75699', '7d56cc7d-10f0-4224-a102-29bfa739a8ee');
INSERT INTO dbo.CohortFacetExpectation ([Id], [CohortId],  [FacetId], [ExpectationId]) VALUES ('2bcdbfb3-799d-4d2a-ae54-528297c96a69', '66237380-cd06-4cae-848e-fc14638047b8', '49665fd1-e206-4acf-b332-f42ccba75699', '66dbed62-f7a2-4282-9c05-e739e6720f9d');
INSERT INTO dbo.CohortFacetExpectation ([Id], [CohortId],  [FacetId], [ExpectationId]) VALUES ('07a31072-7149-4d89-a0a0-9002e8c990e3', 'acdb76f6-fefb-4c4e-b8af-5eb79f1cbf98', '49665fd1-e206-4acf-b332-f42ccba75699', '66dbed62-f7a2-4282-9c05-e739e6720f9d');
INSERT INTO dbo.CohortFacetExpectation ([Id], [CohortId],  [FacetId], [ExpectationId]) VALUES ('d3ea987f-96f0-41f2-981e-b58d569c5739', '0d8ac0ab-ca46-4f07-8baa-2c0e1798cdcc', '49665fd1-e206-4acf-b332-f42ccba75699', '66dbed62-f7a2-4282-9c05-e739e6720f9d');
INSERT INTO dbo.CohortFacetExpectation ([Id], [CohortId],  [FacetId], [ExpectationId]) VALUES ('444afb11-2020-410e-a6e3-ec8f563c6f12', '9d3d1201-eca6-424e-942b-82e48d2476c0', '49665fd1-e206-4acf-b332-f42ccba75699', '7a6bd73b-63a7-4c1d-a4ce-2697fc20a85f');
INSERT INTO dbo.CohortFacetExpectation ([Id], [CohortId],  [FacetId], [ExpectationId]) VALUES ('35569886-eb54-4e0a-9185-c93b534349ca', '9a4f5330-2668-492c-9109-8d752f6081b1', '49665fd1-e206-4acf-b332-f42ccba75699', '7a6bd73b-63a7-4c1d-a4ce-2697fc20a85f');
INSERT INTO dbo.CohortFacetExpectation ([Id], [CohortId],  [FacetId], [ExpectationId]) VALUES ('5572e35b-3f26-4529-81fe-5d411835db1a', 'f2a8dc4e-525b-4479-b83e-44a7139b4a58', '49665fd1-e206-4acf-b332-f42ccba75699', '7a6bd73b-63a7-4c1d-a4ce-2697fc20a85f');
INSERT INTO dbo.CohortFacetExpectation ([Id], [CohortId],  [FacetId], [ExpectationId]) VALUES ('a614f238-e328-4810-b61e-2758248f5e6a', '4702fd60-3c68-4b73-998f-1b779449c89e', '49665fd1-e206-4acf-b332-f42ccba75699', '6142cd0f-4f18-4232-abbb-3c6033b1e161');
INSERT INTO dbo.CohortFacetExpectation ([Id], [CohortId],  [FacetId], [ExpectationId]) VALUES ('2f81a8d9-b6ec-4365-863a-9c5c33c80c70', '966a4f33-c515-414d-b7dc-9606040697ca', '49665fd1-e206-4acf-b332-f42ccba75699', '6142cd0f-4f18-4232-abbb-3c6033b1e161');
INSERT INTO dbo.CohortFacetExpectation ([Id], [CohortId],  [FacetId], [ExpectationId]) VALUES ('823f9b08-2055-4bed-8e22-6b4c8a92a60a', '32ff7205-fe59-4ce6-8eb7-017d7e84f7c0', '49665fd1-e206-4acf-b332-f42ccba75699', '6142cd0f-4f18-4232-abbb-3c6033b1e161');
INSERT INTO dbo.CohortFacetExpectation ([Id], [CohortId],  [FacetId], [ExpectationId]) VALUES ('e9b4ba96-1f75-4d9d-ae52-5762d8c06933', 'e575e2ba-2dde-45c5-b1bc-081a407ae49c', '49665fd1-e206-4acf-b332-f42ccba75699', '5873d98c-44cd-42f4-86ff-01929c4866de');
INSERT INTO dbo.CohortFacetExpectation ([Id], [CohortId],  [FacetId], [ExpectationId]) VALUES ('d1b73315-6133-4657-8d35-8e2397b4a54d', 'bc4a9889-f73f-4554-957d-cede1e601a05', '49665fd1-e206-4acf-b332-f42ccba75699', '5873d98c-44cd-42f4-86ff-01929c4866de');
INSERT INTO dbo.CohortFacetExpectation ([Id], [CohortId],  [FacetId], [ExpectationId]) VALUES ('a5434178-483d-45ff-98db-92db4d8c4fc8', 'd47904dc-b77c-4143-9a0e-a006d8b881f5', '49665fd1-e206-4acf-b332-f42ccba75699', '5873d98c-44cd-42f4-86ff-01929c4866de');
INSERT INTO dbo.CohortFacetExpectation ([Id], [CohortId],  [FacetId], [ExpectationId]) VALUES ('e2f92f7c-6d99-4837-a313-6d40a098626e', '591211ee-689f-46e9-917c-8f9a04eb7546', 'c1118e49-5f85-4c50-9f03-793c83e315d9', 'be62456e-f404-49de-8123-5c5d482fc513');
INSERT INTO dbo.CohortFacetExpectation ([Id], [CohortId],  [FacetId], [ExpectationId]) VALUES ('0539cd15-72ef-4516-8e46-6001211f50e2', '732a1a53-a6dc-49be-a18c-a1671de58f6d', 'c1118e49-5f85-4c50-9f03-793c83e315d9', 'be62456e-f404-49de-8123-5c5d482fc513');
INSERT INTO dbo.CohortFacetExpectation ([Id], [CohortId],  [FacetId], [ExpectationId]) VALUES ('c2f8bcca-3cc2-4774-abf9-97087f9606b2', '66237380-cd06-4cae-848e-fc14638047b8', 'c1118e49-5f85-4c50-9f03-793c83e315d9', 'be62456e-f404-49de-8123-5c5d482fc513');
INSERT INTO dbo.CohortFacetExpectation ([Id], [CohortId],  [FacetId], [ExpectationId]) VALUES ('614b905f-1927-458f-a5e9-29992459f3bc', 'acdb76f6-fefb-4c4e-b8af-5eb79f1cbf98', 'c1118e49-5f85-4c50-9f03-793c83e315d9', 'be62456e-f404-49de-8123-5c5d482fc513');
INSERT INTO dbo.CohortFacetExpectation ([Id], [CohortId],  [FacetId], [ExpectationId]) VALUES ('ebe4a44a-55e2-47df-8974-69afec3d28c4', '0d8ac0ab-ca46-4f07-8baa-2c0e1798cdcc', 'c1118e49-5f85-4c50-9f03-793c83e315d9', 'be62456e-f404-49de-8123-5c5d482fc513');
INSERT INTO dbo.CohortFacetExpectation ([Id], [CohortId],  [FacetId], [ExpectationId]) VALUES ('abb29e00-eb31-4b86-8db2-1ba3f0e205e0', '9d3d1201-eca6-424e-942b-82e48d2476c0', 'c1118e49-5f85-4c50-9f03-793c83e315d9', 'be62456e-f404-49de-8123-5c5d482fc513');
INSERT INTO dbo.CohortFacetExpectation ([Id], [CohortId],  [FacetId], [ExpectationId]) VALUES ('5a6ddeea-8430-4276-a093-91148992cdee', '9a4f5330-2668-492c-9109-8d752f6081b1', 'c1118e49-5f85-4c50-9f03-793c83e315d9', '174ba5cf-98da-4954-b1f0-59c1f18c6cdb');
INSERT INTO dbo.CohortFacetExpectation ([Id], [CohortId],  [FacetId], [ExpectationId]) VALUES ('0a4bf583-9c89-40c6-a959-aa0665a19557', 'f2a8dc4e-525b-4479-b83e-44a7139b4a58', 'c1118e49-5f85-4c50-9f03-793c83e315d9', '3f4c8429-9688-4239-940d-e23136866226');
INSERT INTO dbo.CohortFacetExpectation ([Id], [CohortId],  [FacetId], [ExpectationId]) VALUES ('7c3aa6e5-d489-48d5-aac5-0d9f21dcfbe7', '4702fd60-3c68-4b73-998f-1b779449c89e', 'c1118e49-5f85-4c50-9f03-793c83e315d9', 'f9fd1e6f-7d8d-4a20-abc1-9411d7abcf8f');
INSERT INTO dbo.CohortFacetExpectation ([Id], [CohortId],  [FacetId], [ExpectationId]) VALUES ('0db407f4-441e-42df-91c2-3b4ca52d322a', '966a4f33-c515-414d-b7dc-9606040697ca', 'c1118e49-5f85-4c50-9f03-793c83e315d9', '9022f14c-346f-49be-b537-7cf9dc270f68');
INSERT INTO dbo.CohortFacetExpectation ([Id], [CohortId],  [FacetId], [ExpectationId]) VALUES ('90a593fc-f069-482e-a6ed-fdc5e6808cdf', '32ff7205-fe59-4ce6-8eb7-017d7e84f7c0', 'c1118e49-5f85-4c50-9f03-793c83e315d9', '24f5a72b-3c88-45d8-b28e-d6d462916d44');
INSERT INTO dbo.CohortFacetExpectation ([Id], [CohortId],  [FacetId], [ExpectationId]) VALUES ('88b64ad2-c8de-47c1-9f49-0ad4f099205f', 'e575e2ba-2dde-45c5-b1bc-081a407ae49c', 'c1118e49-5f85-4c50-9f03-793c83e315d9', '315a3781-6556-4cb3-9757-291fea0c84da');
INSERT INTO dbo.CohortFacetExpectation ([Id], [CohortId],  [FacetId], [ExpectationId]) VALUES ('d9a88c21-3095-4835-a8a6-479444d0aee7', 'bc4a9889-f73f-4554-957d-cede1e601a05', 'c1118e49-5f85-4c50-9f03-793c83e315d9', '315a3781-6556-4cb3-9757-291fea0c84da');
INSERT INTO dbo.CohortFacetExpectation ([Id], [CohortId],  [FacetId], [ExpectationId]) VALUES ('405846fb-8748-4930-8572-77c90adce574', 'd47904dc-b77c-4143-9a0e-a006d8b881f5', 'c1118e49-5f85-4c50-9f03-793c83e315d9', '226e238f-e9b3-4dd7-a26f-a957dd27de8d');
INSERT INTO dbo.CohortFacetExpectation ([Id], [CohortId],  [FacetId], [ExpectationId]) VALUES ('012e6a30-64dc-497d-bff8-7421a0a42d50', '591211ee-689f-46e9-917c-8f9a04eb7546', '34ce477b-df16-419c-9cb5-c6bbe68a1826', '1df82125-32ec-4e82-97fe-85a462beed1e');
INSERT INTO dbo.CohortFacetExpectation ([Id], [CohortId],  [FacetId], [ExpectationId]) VALUES ('44c8a7ea-ed3e-43a2-a269-8c8f6ef6135c', '732a1a53-a6dc-49be-a18c-a1671de58f6d', '34ce477b-df16-419c-9cb5-c6bbe68a1826', '1df82125-32ec-4e82-97fe-85a462beed1e');
INSERT INTO dbo.CohortFacetExpectation ([Id], [CohortId],  [FacetId], [ExpectationId]) VALUES ('99c83743-bcde-4d5c-9652-428e04bb01df', '66237380-cd06-4cae-848e-fc14638047b8', '34ce477b-df16-419c-9cb5-c6bbe68a1826', '1df82125-32ec-4e82-97fe-85a462beed1e');
INSERT INTO dbo.CohortFacetExpectation ([Id], [CohortId],  [FacetId], [ExpectationId]) VALUES ('22e9657c-d9b9-425c-b976-00c2f254d907', 'acdb76f6-fefb-4c4e-b8af-5eb79f1cbf98', '34ce477b-df16-419c-9cb5-c6bbe68a1826', '1df82125-32ec-4e82-97fe-85a462beed1e');
INSERT INTO dbo.CohortFacetExpectation ([Id], [CohortId],  [FacetId], [ExpectationId]) VALUES ('7b21f212-35f2-4ff8-ba24-9878c5100a45', '0d8ac0ab-ca46-4f07-8baa-2c0e1798cdcc', '34ce477b-df16-419c-9cb5-c6bbe68a1826', '1df82125-32ec-4e82-97fe-85a462beed1e');
INSERT INTO dbo.CohortFacetExpectation ([Id], [CohortId],  [FacetId], [ExpectationId]) VALUES ('76a8ddfc-d329-4409-a049-c020552d63f5', '9d3d1201-eca6-424e-942b-82e48d2476c0', '34ce477b-df16-419c-9cb5-c6bbe68a1826', '1df82125-32ec-4e82-97fe-85a462beed1e');
INSERT INTO dbo.CohortFacetExpectation ([Id], [CohortId],  [FacetId], [ExpectationId]) VALUES ('6848f3d7-e94a-4a53-b7e4-fce033716c4a', '9a4f5330-2668-492c-9109-8d752f6081b1', '34ce477b-df16-419c-9cb5-c6bbe68a1826', '1df82125-32ec-4e82-97fe-85a462beed1e');
INSERT INTO dbo.CohortFacetExpectation ([Id], [CohortId],  [FacetId], [ExpectationId]) VALUES ('8d37dbdf-1bbb-4a97-8a7f-8574bc2a431b', 'f2a8dc4e-525b-4479-b83e-44a7139b4a58', '34ce477b-df16-419c-9cb5-c6bbe68a1826', 'ef7d5b61-52f8-4843-89d2-24e20d007c04');
INSERT INTO dbo.CohortFacetExpectation ([Id], [CohortId],  [FacetId], [ExpectationId]) VALUES ('0a20b03a-2ca6-447b-b45f-6cb16862bd86', '4702fd60-3c68-4b73-998f-1b779449c89e', '34ce477b-df16-419c-9cb5-c6bbe68a1826', '50cb7df5-b39a-4628-af21-dbbb5fee03cf');
INSERT INTO dbo.CohortFacetExpectation ([Id], [CohortId],  [FacetId], [ExpectationId]) VALUES ('07d22b67-d9e6-43da-b066-b464032017e4', '966a4f33-c515-414d-b7dc-9606040697ca', '34ce477b-df16-419c-9cb5-c6bbe68a1826', '50cb7df5-b39a-4628-af21-dbbb5fee03cf');
INSERT INTO dbo.CohortFacetExpectation ([Id], [CohortId],  [FacetId], [ExpectationId]) VALUES ('3bbdb8ad-7e99-46d5-b876-9ab8ccad4dac', '32ff7205-fe59-4ce6-8eb7-017d7e84f7c0', '34ce477b-df16-419c-9cb5-c6bbe68a1826', '2d0ffabc-865e-48c5-96da-6aecf15f4fc8');
INSERT INTO dbo.CohortFacetExpectation ([Id], [CohortId],  [FacetId], [ExpectationId]) VALUES ('015aeb53-f3a1-41dc-9376-0f00b75f2f6d', 'e575e2ba-2dde-45c5-b1bc-081a407ae49c', '34ce477b-df16-419c-9cb5-c6bbe68a1826', '2d0ffabc-865e-48c5-96da-6aecf15f4fc8');
INSERT INTO dbo.CohortFacetExpectation ([Id], [CohortId],  [FacetId], [ExpectationId]) VALUES ('d0757514-b527-4812-995b-41942174bf82', 'bc4a9889-f73f-4554-957d-cede1e601a05', '34ce477b-df16-419c-9cb5-c6bbe68a1826', 'bcad27bb-04ed-458a-8996-3c1d87f95982');
INSERT INTO dbo.CohortFacetExpectation ([Id], [CohortId],  [FacetId], [ExpectationId]) VALUES ('8e86942d-d888-4ee4-af1c-003d04176297', 'd47904dc-b77c-4143-9a0e-a006d8b881f5', '34ce477b-df16-419c-9cb5-c6bbe68a1826', 'bcad27bb-04ed-458a-8996-3c1d87f95982');
INSERT INTO dbo.CohortFacetExpectation ([Id], [CohortId],  [FacetId], [ExpectationId]) VALUES ('2ae2ccac-6353-442f-8351-374023ecadb4', '591211ee-689f-46e9-917c-8f9a04eb7546', 'dacb1bbe-eb30-4bb6-aa21-b1e3ceed939b', '3df8f438-3852-46a2-880d-1f38c7bf2f4d');
INSERT INTO dbo.CohortFacetExpectation ([Id], [CohortId],  [FacetId], [ExpectationId]) VALUES ('c003f862-abc2-4813-b1ac-638d1a4168a1', '732a1a53-a6dc-49be-a18c-a1671de58f6d', 'dacb1bbe-eb30-4bb6-aa21-b1e3ceed939b', '3df8f438-3852-46a2-880d-1f38c7bf2f4d');
INSERT INTO dbo.CohortFacetExpectation ([Id], [CohortId],  [FacetId], [ExpectationId]) VALUES ('47bdeeb3-097f-4a50-aec8-dc35307dd7a1', '66237380-cd06-4cae-848e-fc14638047b8', 'dacb1bbe-eb30-4bb6-aa21-b1e3ceed939b', '3df8f438-3852-46a2-880d-1f38c7bf2f4d');
INSERT INTO dbo.CohortFacetExpectation ([Id], [CohortId],  [FacetId], [ExpectationId]) VALUES ('8a232b5c-7cf5-414c-9336-4d83981c4d9b', 'acdb76f6-fefb-4c4e-b8af-5eb79f1cbf98', 'dacb1bbe-eb30-4bb6-aa21-b1e3ceed939b', '3df8f438-3852-46a2-880d-1f38c7bf2f4d');
INSERT INTO dbo.CohortFacetExpectation ([Id], [CohortId],  [FacetId], [ExpectationId]) VALUES ('95ecbabf-1e7f-4a44-a5a8-4920ef3ade0e', '0d8ac0ab-ca46-4f07-8baa-2c0e1798cdcc', 'dacb1bbe-eb30-4bb6-aa21-b1e3ceed939b', '3df8f438-3852-46a2-880d-1f38c7bf2f4d');
INSERT INTO dbo.CohortFacetExpectation ([Id], [CohortId],  [FacetId], [ExpectationId]) VALUES ('9ff6c8a5-baac-46db-8a60-337f86b5ca7f', '9d3d1201-eca6-424e-942b-82e48d2476c0', 'dacb1bbe-eb30-4bb6-aa21-b1e3ceed939b', '69b1a198-53d2-4375-9826-656a8cc1494b');
INSERT INTO dbo.CohortFacetExpectation ([Id], [CohortId],  [FacetId], [ExpectationId]) VALUES ('54cf2122-1f03-4af2-be6f-8c48b6bee028', '9a4f5330-2668-492c-9109-8d752f6081b1', 'dacb1bbe-eb30-4bb6-aa21-b1e3ceed939b', '69b1a198-53d2-4375-9826-656a8cc1494b');
INSERT INTO dbo.CohortFacetExpectation ([Id], [CohortId],  [FacetId], [ExpectationId]) VALUES ('4eb71cfe-fd70-4368-acaa-88c8c4005818', 'f2a8dc4e-525b-4479-b83e-44a7139b4a58', 'dacb1bbe-eb30-4bb6-aa21-b1e3ceed939b', '49ed8f00-0d4b-4510-99aa-d5c49db07c7b');
INSERT INTO dbo.CohortFacetExpectation ([Id], [CohortId],  [FacetId], [ExpectationId]) VALUES ('8061ecd2-e281-4f26-b678-006db1318370', '4702fd60-3c68-4b73-998f-1b779449c89e', 'dacb1bbe-eb30-4bb6-aa21-b1e3ceed939b', '49ed8f00-0d4b-4510-99aa-d5c49db07c7b');
INSERT INTO dbo.CohortFacetExpectation ([Id], [CohortId],  [FacetId], [ExpectationId]) VALUES ('c358315f-d807-4325-8063-6a5c460d90d1', '966a4f33-c515-414d-b7dc-9606040697ca', 'dacb1bbe-eb30-4bb6-aa21-b1e3ceed939b', '49ed8f00-0d4b-4510-99aa-d5c49db07c7b');
INSERT INTO dbo.CohortFacetExpectation ([Id], [CohortId],  [FacetId], [ExpectationId]) VALUES ('767cf3bf-4425-4ba1-8bf0-f90ec42a6077', '32ff7205-fe59-4ce6-8eb7-017d7e84f7c0', 'dacb1bbe-eb30-4bb6-aa21-b1e3ceed939b', '49ed8f00-0d4b-4510-99aa-d5c49db07c7b');
INSERT INTO dbo.CohortFacetExpectation ([Id], [CohortId],  [FacetId], [ExpectationId]) VALUES ('e1099b9e-2da9-468b-ac6e-3098fd4abba1', 'e575e2ba-2dde-45c5-b1bc-081a407ae49c', 'dacb1bbe-eb30-4bb6-aa21-b1e3ceed939b', 'fe5f14e3-2fe8-4164-9e7e-843ca42aeae0');
INSERT INTO dbo.CohortFacetExpectation ([Id], [CohortId],  [FacetId], [ExpectationId]) VALUES ('df48183d-8f61-479a-91a9-26c0cd28b978', 'bc4a9889-f73f-4554-957d-cede1e601a05', 'dacb1bbe-eb30-4bb6-aa21-b1e3ceed939b', '4dcaacd7-1758-46ca-afce-87279b527411');
INSERT INTO dbo.CohortFacetExpectation ([Id], [CohortId],  [FacetId], [ExpectationId]) VALUES ('17472ca8-473b-426d-a7c6-4f56f833152e', 'd47904dc-b77c-4143-9a0e-a006d8b881f5', 'dacb1bbe-eb30-4bb6-aa21-b1e3ceed939b', '837b0de2-f5d4-4ba2-937e-1e18fbb9f99e');
INSERT INTO dbo.CohortFacetExpectation ([Id], [CohortId],  [FacetId], [ExpectationId]) VALUES ('6d6f38b7-009e-45f9-97ec-0e94b52a1b00', '591211ee-689f-46e9-917c-8f9a04eb7546', 'e5c560d1-b581-425d-9036-0b3dea98f712', '510c6ef5-1fb1-4438-8fb4-8df47af87694');
INSERT INTO dbo.CohortFacetExpectation ([Id], [CohortId],  [FacetId], [ExpectationId]) VALUES ('13cb8b5a-447a-424e-ad17-fb9ec6aab297', '732a1a53-a6dc-49be-a18c-a1671de58f6d', 'e5c560d1-b581-425d-9036-0b3dea98f712', '510c6ef5-1fb1-4438-8fb4-8df47af87694');
INSERT INTO dbo.CohortFacetExpectation ([Id], [CohortId],  [FacetId], [ExpectationId]) VALUES ('a0793da8-3f7e-4d49-ab3f-7c02c1a54b27', '66237380-cd06-4cae-848e-fc14638047b8', 'e5c560d1-b581-425d-9036-0b3dea98f712', '510c6ef5-1fb1-4438-8fb4-8df47af87694');
INSERT INTO dbo.CohortFacetExpectation ([Id], [CohortId],  [FacetId], [ExpectationId]) VALUES ('36081955-a0d7-4c46-9052-aa4a1df8e18b', 'acdb76f6-fefb-4c4e-b8af-5eb79f1cbf98', 'e5c560d1-b581-425d-9036-0b3dea98f712', 'c0293008-107e-4b7c-9c8c-02e076226b46');
INSERT INTO dbo.CohortFacetExpectation ([Id], [CohortId],  [FacetId], [ExpectationId]) VALUES ('e1adef8c-efcf-469a-af53-0430bb62ff6d', '0d8ac0ab-ca46-4f07-8baa-2c0e1798cdcc', 'e5c560d1-b581-425d-9036-0b3dea98f712', 'c0293008-107e-4b7c-9c8c-02e076226b46');
INSERT INTO dbo.CohortFacetExpectation ([Id], [CohortId],  [FacetId], [ExpectationId]) VALUES ('72d22d05-39db-4c84-bb1a-b6e38373ea32', '9d3d1201-eca6-424e-942b-82e48d2476c0', 'e5c560d1-b581-425d-9036-0b3dea98f712', 'fd13e7c0-acf8-4829-b7c7-7b17ac800356');
INSERT INTO dbo.CohortFacetExpectation ([Id], [CohortId],  [FacetId], [ExpectationId]) VALUES ('566ced2b-990a-4290-b10b-ee6d0da70920', '9a4f5330-2668-492c-9109-8d752f6081b1', 'e5c560d1-b581-425d-9036-0b3dea98f712', 'c19913e1-087d-4703-9706-3dc2a1d79990');
INSERT INTO dbo.CohortFacetExpectation ([Id], [CohortId],  [FacetId], [ExpectationId]) VALUES ('09a53b6c-8201-4763-b858-0e9f853585e1', 'f2a8dc4e-525b-4479-b83e-44a7139b4a58', 'e5c560d1-b581-425d-9036-0b3dea98f712', 'b8541388-7eac-4c73-90c7-b747d70ffbd4');
INSERT INTO dbo.CohortFacetExpectation ([Id], [CohortId],  [FacetId], [ExpectationId]) VALUES ('fb464455-b028-4cae-bdcf-814d1ee8a5cd', '4702fd60-3c68-4b73-998f-1b779449c89e', 'e5c560d1-b581-425d-9036-0b3dea98f712', '45b55a4c-3fb5-4d71-9fbf-1828ee723665');
INSERT INTO dbo.CohortFacetExpectation ([Id], [CohortId],  [FacetId], [ExpectationId]) VALUES ('d0dde1ec-e0cc-49c5-a277-af3540e3b14b', '966a4f33-c515-414d-b7dc-9606040697ca', 'e5c560d1-b581-425d-9036-0b3dea98f712', '3fd529e0-1d75-4062-bffb-e898b7f83424');
INSERT INTO dbo.CohortFacetExpectation ([Id], [CohortId],  [FacetId], [ExpectationId]) VALUES ('638dd31b-9367-4914-838d-8a05bc1f49fc', '32ff7205-fe59-4ce6-8eb7-017d7e84f7c0', 'e5c560d1-b581-425d-9036-0b3dea98f712', 'e6623bef-2bed-4176-b0a7-8a77bbbeb245');
INSERT INTO dbo.CohortFacetExpectation ([Id], [CohortId],  [FacetId], [ExpectationId]) VALUES ('40323232-9608-4cc3-a738-73cc910a982d', 'e575e2ba-2dde-45c5-b1bc-081a407ae49c', 'e5c560d1-b581-425d-9036-0b3dea98f712', 'e6623bef-2bed-4176-b0a7-8a77bbbeb245');
INSERT INTO dbo.CohortFacetExpectation ([Id], [CohortId],  [FacetId], [ExpectationId]) VALUES ('ca7292ce-8dbf-4c27-93ba-84115d496b80', 'bc4a9889-f73f-4554-957d-cede1e601a05', 'e5c560d1-b581-425d-9036-0b3dea98f712', 'f1ac7882-7886-48e9-b372-3e7fa904274d');
INSERT INTO dbo.CohortFacetExpectation ([Id], [CohortId],  [FacetId], [ExpectationId]) VALUES ('c4aecca5-48c3-4f37-ad58-985122477c66', 'd47904dc-b77c-4143-9a0e-a006d8b881f5', 'e5c560d1-b581-425d-9036-0b3dea98f712', '6c897bfd-45ae-4689-806d-06b7ca7fa374');
INSERT INTO dbo.CohortFacetExpectation ([Id], [CohortId],  [FacetId], [ExpectationId]) VALUES ('0f9432be-9b7e-48d9-abaf-533e599614dc', '591211ee-689f-46e9-917c-8f9a04eb7546', '718d4c37-b149-41d4-9a7b-ac974b7f3ae4', '6159cb0b-da0a-4e92-a155-a17955759f99');
INSERT INTO dbo.CohortFacetExpectation ([Id], [CohortId],  [FacetId], [ExpectationId]) VALUES ('3c93b9a4-89a7-4ff4-8724-a4590faf175f', '732a1a53-a6dc-49be-a18c-a1671de58f6d', '718d4c37-b149-41d4-9a7b-ac974b7f3ae4', '6159cb0b-da0a-4e92-a155-a17955759f99');
INSERT INTO dbo.CohortFacetExpectation ([Id], [CohortId],  [FacetId], [ExpectationId]) VALUES ('2ea96417-062e-471f-9519-20da8da95f6b', '66237380-cd06-4cae-848e-fc14638047b8', '718d4c37-b149-41d4-9a7b-ac974b7f3ae4', '6159cb0b-da0a-4e92-a155-a17955759f99');
INSERT INTO dbo.CohortFacetExpectation ([Id], [CohortId],  [FacetId], [ExpectationId]) VALUES ('b68db0f0-bd0f-45a1-8b11-74a3f6a52585', 'acdb76f6-fefb-4c4e-b8af-5eb79f1cbf98', '718d4c37-b149-41d4-9a7b-ac974b7f3ae4', '6159cb0b-da0a-4e92-a155-a17955759f99');
INSERT INTO dbo.CohortFacetExpectation ([Id], [CohortId],  [FacetId], [ExpectationId]) VALUES ('e739e4eb-c5d9-4ec4-adcf-3de7738771c6', '0d8ac0ab-ca46-4f07-8baa-2c0e1798cdcc', '718d4c37-b149-41d4-9a7b-ac974b7f3ae4', '4e4cf70e-eab1-4308-adb5-338e2587f997');
INSERT INTO dbo.CohortFacetExpectation ([Id], [CohortId],  [FacetId], [ExpectationId]) VALUES ('329ba781-a40e-4f3b-986f-e8683b6650bd', '9d3d1201-eca6-424e-942b-82e48d2476c0', '718d4c37-b149-41d4-9a7b-ac974b7f3ae4', '641efee7-6325-4c57-9943-e592544b41cd');
INSERT INTO dbo.CohortFacetExpectation ([Id], [CohortId],  [FacetId], [ExpectationId]) VALUES ('08f2c284-a3d3-4f52-897e-c63c31119b3d', '9a4f5330-2668-492c-9109-8d752f6081b1', '718d4c37-b149-41d4-9a7b-ac974b7f3ae4', '995a0435-b674-49be-8871-c846effe571b');
INSERT INTO dbo.CohortFacetExpectation ([Id], [CohortId],  [FacetId], [ExpectationId]) VALUES ('fa406229-f3f5-4d8c-b936-366949a984d3', 'f2a8dc4e-525b-4479-b83e-44a7139b4a58', '718d4c37-b149-41d4-9a7b-ac974b7f3ae4', '8643b809-aff8-40c0-b74a-c27237a33fac');
INSERT INTO dbo.CohortFacetExpectation ([Id], [CohortId],  [FacetId], [ExpectationId]) VALUES ('20567965-b747-49d7-99fe-8b99a30addf9', '4702fd60-3c68-4b73-998f-1b779449c89e', '718d4c37-b149-41d4-9a7b-ac974b7f3ae4', 'bae0cdef-79ff-4493-8378-b54a1811a297');
INSERT INTO dbo.CohortFacetExpectation ([Id], [CohortId],  [FacetId], [ExpectationId]) VALUES ('c4263c22-941d-4c24-bf29-1f9c28bcc3b4', '966a4f33-c515-414d-b7dc-9606040697ca', '718d4c37-b149-41d4-9a7b-ac974b7f3ae4', '594e589c-c80c-48fa-881d-e6dbd6c9a48e');
INSERT INTO dbo.CohortFacetExpectation ([Id], [CohortId],  [FacetId], [ExpectationId]) VALUES ('dae134dc-803a-4f68-9a0d-d947cb555eb7', '32ff7205-fe59-4ce6-8eb7-017d7e84f7c0', '718d4c37-b149-41d4-9a7b-ac974b7f3ae4', 'f5288e6a-f92b-4aab-aabf-4780e898fd4c');
INSERT INTO dbo.CohortFacetExpectation ([Id], [CohortId],  [FacetId], [ExpectationId]) VALUES ('2be69413-2af1-4f74-987d-d7b47f23434f', 'e575e2ba-2dde-45c5-b1bc-081a407ae49c', '718d4c37-b149-41d4-9a7b-ac974b7f3ae4', 'be300f33-49dc-406f-b226-6de2f5eb5069');
INSERT INTO dbo.CohortFacetExpectation ([Id], [CohortId],  [FacetId], [ExpectationId]) VALUES ('1a3a4efb-1586-4632-9fbf-4014e5950348', 'bc4a9889-f73f-4554-957d-cede1e601a05', '718d4c37-b149-41d4-9a7b-ac974b7f3ae4', 'be300f33-49dc-406f-b226-6de2f5eb5069');
INSERT INTO dbo.CohortFacetExpectation ([Id], [CohortId],  [FacetId], [ExpectationId]) VALUES ('2a020b04-b635-402f-beba-c3549253939d', 'd47904dc-b77c-4143-9a0e-a006d8b881f5', '718d4c37-b149-41d4-9a7b-ac974b7f3ae4', 'cf83377f-6362-4471-9056-f0a322017df4');
INSERT INTO dbo.CohortFacetExpectation ([Id], [CohortId],  [FacetId], [ExpectationId]) VALUES ('fbc87e49-125f-42a3-8616-a7fff07dc034', '591211ee-689f-46e9-917c-8f9a04eb7546', 'fbccf2e1-049d-4f45-bc8c-6e5b2189a885', '58417981-dbc2-45a9-9107-a0598f3babb2');
INSERT INTO dbo.CohortFacetExpectation ([Id], [CohortId],  [FacetId], [ExpectationId]) VALUES ('5f4af742-4e02-4141-99d9-e5d645482a91', '732a1a53-a6dc-49be-a18c-a1671de58f6d', 'fbccf2e1-049d-4f45-bc8c-6e5b2189a885', '58417981-dbc2-45a9-9107-a0598f3babb2');
INSERT INTO dbo.CohortFacetExpectation ([Id], [CohortId],  [FacetId], [ExpectationId]) VALUES ('5db65b76-4af5-405c-b9b2-303e541fd27a', '66237380-cd06-4cae-848e-fc14638047b8', 'fbccf2e1-049d-4f45-bc8c-6e5b2189a885', '58417981-dbc2-45a9-9107-a0598f3babb2');
INSERT INTO dbo.CohortFacetExpectation ([Id], [CohortId],  [FacetId], [ExpectationId]) VALUES ('ae0776c8-96e1-435d-9a5d-81e2be912d49', 'acdb76f6-fefb-4c4e-b8af-5eb79f1cbf98', 'fbccf2e1-049d-4f45-bc8c-6e5b2189a885', '0b64dfa7-8c5b-45dc-a16a-6eb48181de22');
INSERT INTO dbo.CohortFacetExpectation ([Id], [CohortId],  [FacetId], [ExpectationId]) VALUES ('9bf39f31-504b-412a-825c-4488a25f700c', '0d8ac0ab-ca46-4f07-8baa-2c0e1798cdcc', 'fbccf2e1-049d-4f45-bc8c-6e5b2189a885', '0b64dfa7-8c5b-45dc-a16a-6eb48181de22');
INSERT INTO dbo.CohortFacetExpectation ([Id], [CohortId],  [FacetId], [ExpectationId]) VALUES ('967e2186-f59b-4e25-a30a-21ae506836ea', '9d3d1201-eca6-424e-942b-82e48d2476c0', 'fbccf2e1-049d-4f45-bc8c-6e5b2189a885', '0b64dfa7-8c5b-45dc-a16a-6eb48181de22');
INSERT INTO dbo.CohortFacetExpectation ([Id], [CohortId],  [FacetId], [ExpectationId]) VALUES ('037b2d7f-7bab-4876-9519-4c48feaa16c2', '9a4f5330-2668-492c-9109-8d752f6081b1', 'fbccf2e1-049d-4f45-bc8c-6e5b2189a885', '0b64dfa7-8c5b-45dc-a16a-6eb48181de22');
INSERT INTO dbo.CohortFacetExpectation ([Id], [CohortId],  [FacetId], [ExpectationId]) VALUES ('c7c57ce0-541d-4440-ac22-4c15a884a622', 'f2a8dc4e-525b-4479-b83e-44a7139b4a58', 'fbccf2e1-049d-4f45-bc8c-6e5b2189a885', '35551e74-f230-4ac5-b736-4c3e0aeb383b');
INSERT INTO dbo.CohortFacetExpectation ([Id], [CohortId],  [FacetId], [ExpectationId]) VALUES ('b5674c6f-1c67-4c19-85a0-f16e637895f8', '4702fd60-3c68-4b73-998f-1b779449c89e', 'fbccf2e1-049d-4f45-bc8c-6e5b2189a885', 'ad052ecc-24e4-472b-8dee-19693263de96');
INSERT INTO dbo.CohortFacetExpectation ([Id], [CohortId],  [FacetId], [ExpectationId]) VALUES ('ab4346a8-c7be-41b0-9e10-fa3b86574873', '966a4f33-c515-414d-b7dc-9606040697ca', 'fbccf2e1-049d-4f45-bc8c-6e5b2189a885', '52544fd7-6341-480f-92dd-1f9125ddaa90');
INSERT INTO dbo.CohortFacetExpectation ([Id], [CohortId],  [FacetId], [ExpectationId]) VALUES ('f1fa5e8a-21fe-4527-9209-05c59cf63574', '32ff7205-fe59-4ce6-8eb7-017d7e84f7c0', 'fbccf2e1-049d-4f45-bc8c-6e5b2189a885', 'cbaf1ae3-e5c8-4e47-82cf-d752dc29633b');
INSERT INTO dbo.CohortFacetExpectation ([Id], [CohortId],  [FacetId], [ExpectationId]) VALUES ('428a8a4e-9c4b-4ace-a137-124801b7d988', 'e575e2ba-2dde-45c5-b1bc-081a407ae49c', 'fbccf2e1-049d-4f45-bc8c-6e5b2189a885', 'a53af7e6-86fd-4510-a8ab-55325b8e8de6');
INSERT INTO dbo.CohortFacetExpectation ([Id], [CohortId],  [FacetId], [ExpectationId]) VALUES ('a70df9bb-9736-4e34-ac30-db2a01e3e454', 'bc4a9889-f73f-4554-957d-cede1e601a05', 'fbccf2e1-049d-4f45-bc8c-6e5b2189a885', 'a53af7e6-86fd-4510-a8ab-55325b8e8de6');
INSERT INTO dbo.CohortFacetExpectation ([Id], [CohortId],  [FacetId], [ExpectationId]) VALUES ('c65d7b2f-abde-44c3-a8f3-05974e3de7ec', 'd47904dc-b77c-4143-9a0e-a006d8b881f5', 'fbccf2e1-049d-4f45-bc8c-6e5b2189a885', 'a53af7e6-86fd-4510-a8ab-55325b8e8de6');
INSERT INTO dbo.CohortFacetExpectation ([Id], [CohortId],  [FacetId], [ExpectationId]) VALUES ('3e24df18-d7eb-41f9-8e1b-4fe87dcfdb1d', '591211ee-689f-46e9-917c-8f9a04eb7546', '8a200636-c86d-4d0f-8daa-e09b818b63ee', '080efc0e-d523-40c7-aa64-a91d5c0c5473');
INSERT INTO dbo.CohortFacetExpectation ([Id], [CohortId],  [FacetId], [ExpectationId]) VALUES ('88ac5604-ee33-4163-b21d-99e8b7928f7c', '732a1a53-a6dc-49be-a18c-a1671de58f6d', '8a200636-c86d-4d0f-8daa-e09b818b63ee', '080efc0e-d523-40c7-aa64-a91d5c0c5473');
INSERT INTO dbo.CohortFacetExpectation ([Id], [CohortId],  [FacetId], [ExpectationId]) VALUES ('8c2e6f5b-ed12-4316-a931-069d21a4d4a6', '66237380-cd06-4cae-848e-fc14638047b8', '8a200636-c86d-4d0f-8daa-e09b818b63ee', '080efc0e-d523-40c7-aa64-a91d5c0c5473');
INSERT INTO dbo.CohortFacetExpectation ([Id], [CohortId],  [FacetId], [ExpectationId]) VALUES ('7ccfb41f-238d-40c6-8f8f-b150b94719ff', 'acdb76f6-fefb-4c4e-b8af-5eb79f1cbf98', '8a200636-c86d-4d0f-8daa-e09b818b63ee', '080efc0e-d523-40c7-aa64-a91d5c0c5473');
INSERT INTO dbo.CohortFacetExpectation ([Id], [CohortId],  [FacetId], [ExpectationId]) VALUES ('311d728e-ff11-4ef7-8ba8-700c1e5844ed', '0d8ac0ab-ca46-4f07-8baa-2c0e1798cdcc', '8a200636-c86d-4d0f-8daa-e09b818b63ee', '080efc0e-d523-40c7-aa64-a91d5c0c5473');
INSERT INTO dbo.CohortFacetExpectation ([Id], [CohortId],  [FacetId], [ExpectationId]) VALUES ('a1bd790c-127e-43af-87b5-8d97502c8fca', '9d3d1201-eca6-424e-942b-82e48d2476c0', '8a200636-c86d-4d0f-8daa-e09b818b63ee', '080efc0e-d523-40c7-aa64-a91d5c0c5473');
INSERT INTO dbo.CohortFacetExpectation ([Id], [CohortId],  [FacetId], [ExpectationId]) VALUES ('39196b66-70db-4663-9a46-b7a6e7a39440', '9a4f5330-2668-492c-9109-8d752f6081b1', '8a200636-c86d-4d0f-8daa-e09b818b63ee', '080efc0e-d523-40c7-aa64-a91d5c0c5473');
INSERT INTO dbo.CohortFacetExpectation ([Id], [CohortId],  [FacetId], [ExpectationId]) VALUES ('8520345b-9042-4351-b4f0-0becd644814a', 'f2a8dc4e-525b-4479-b83e-44a7139b4a58', '8a200636-c86d-4d0f-8daa-e09b818b63ee', '46d18a30-b61f-4b2c-ae53-ac4e02e7211b');
INSERT INTO dbo.CohortFacetExpectation ([Id], [CohortId],  [FacetId], [ExpectationId]) VALUES ('229eb5cf-eb54-4bd0-a8fb-e059f90e51e2', '4702fd60-3c68-4b73-998f-1b779449c89e', '8a200636-c86d-4d0f-8daa-e09b818b63ee', '39753c5e-4171-453d-8001-5b6f047a7ff1');
INSERT INTO dbo.CohortFacetExpectation ([Id], [CohortId],  [FacetId], [ExpectationId]) VALUES ('b67435af-aaf6-4b1f-b745-73700b3c6bf6', '966a4f33-c515-414d-b7dc-9606040697ca', '8a200636-c86d-4d0f-8daa-e09b818b63ee', 'f44a1bf3-3e7a-423c-9cad-3e3a9efff92a');
INSERT INTO dbo.CohortFacetExpectation ([Id], [CohortId],  [FacetId], [ExpectationId]) VALUES ('a19c8306-205e-4694-aa4c-8c614ec44a0d', '32ff7205-fe59-4ce6-8eb7-017d7e84f7c0', '8a200636-c86d-4d0f-8daa-e09b818b63ee', 'a3840045-aefb-4072-9015-454323f65b8a');
INSERT INTO dbo.CohortFacetExpectation ([Id], [CohortId],  [FacetId], [ExpectationId]) VALUES ('d062f6c5-c510-405c-ac3a-601f386cf88f', 'e575e2ba-2dde-45c5-b1bc-081a407ae49c', '8a200636-c86d-4d0f-8daa-e09b818b63ee', 'af731cb8-583e-42f0-aa11-e1ca7279fd09');
INSERT INTO dbo.CohortFacetExpectation ([Id], [CohortId],  [FacetId], [ExpectationId]) VALUES ('f426dfd5-6a20-4971-9f96-a7a1970342d8', 'bc4a9889-f73f-4554-957d-cede1e601a05', '8a200636-c86d-4d0f-8daa-e09b818b63ee', '795c33b3-58c4-44ed-9e91-40e8a1aee0cb');
INSERT INTO dbo.CohortFacetExpectation ([Id], [CohortId],  [FacetId], [ExpectationId]) VALUES ('7a68ef29-e582-4007-b947-f3a44e20424e', 'd47904dc-b77c-4143-9a0e-a006d8b881f5', '8a200636-c86d-4d0f-8daa-e09b818b63ee', '8d374805-02b6-4816-b96a-26050eb417ea');
INSERT INTO dbo.CohortFacetExpectation ([Id], [CohortId],  [FacetId], [ExpectationId]) VALUES ('cae21ad5-db19-4c7c-9e9f-2f4009cedff9', '591211ee-689f-46e9-917c-8f9a04eb7546', '3364769a-5071-4e6c-9cdf-e204651fb033', '9974bb78-c544-49b1-a5ce-d713170f888c');
INSERT INTO dbo.CohortFacetExpectation ([Id], [CohortId],  [FacetId], [ExpectationId]) VALUES ('02c9c787-6c67-4d64-94dd-e110d30630da', '732a1a53-a6dc-49be-a18c-a1671de58f6d', '3364769a-5071-4e6c-9cdf-e204651fb033', '9974bb78-c544-49b1-a5ce-d713170f888c');
INSERT INTO dbo.CohortFacetExpectation ([Id], [CohortId],  [FacetId], [ExpectationId]) VALUES ('fd7f9ba8-c36c-4ca8-a1ba-996f572bd580', '66237380-cd06-4cae-848e-fc14638047b8', '3364769a-5071-4e6c-9cdf-e204651fb033', '9974bb78-c544-49b1-a5ce-d713170f888c');
INSERT INTO dbo.CohortFacetExpectation ([Id], [CohortId],  [FacetId], [ExpectationId]) VALUES ('dfef8d50-28f2-4664-b985-dc9ae2795285', 'acdb76f6-fefb-4c4e-b8af-5eb79f1cbf98', '3364769a-5071-4e6c-9cdf-e204651fb033', '9974bb78-c544-49b1-a5ce-d713170f888c');
INSERT INTO dbo.CohortFacetExpectation ([Id], [CohortId],  [FacetId], [ExpectationId]) VALUES ('8e46c3bb-b81c-446a-adee-03356cb41a53', '0d8ac0ab-ca46-4f07-8baa-2c0e1798cdcc', '3364769a-5071-4e6c-9cdf-e204651fb033', '9974bb78-c544-49b1-a5ce-d713170f888c');
INSERT INTO dbo.CohortFacetExpectation ([Id], [CohortId],  [FacetId], [ExpectationId]) VALUES ('8c679e4f-3dcf-4f24-901c-8561ed3f7ca5', '9d3d1201-eca6-424e-942b-82e48d2476c0', '3364769a-5071-4e6c-9cdf-e204651fb033', '9974bb78-c544-49b1-a5ce-d713170f888c');
INSERT INTO dbo.CohortFacetExpectation ([Id], [CohortId],  [FacetId], [ExpectationId]) VALUES ('623ee201-cac1-4afe-ba9a-d1c0db9f9cb2', '9a4f5330-2668-492c-9109-8d752f6081b1', '3364769a-5071-4e6c-9cdf-e204651fb033', '9974bb78-c544-49b1-a5ce-d713170f888c');
INSERT INTO dbo.CohortFacetExpectation ([Id], [CohortId],  [FacetId], [ExpectationId]) VALUES ('c9e0425e-41bf-4a2e-9674-0437b44a4ab8', 'f2a8dc4e-525b-4479-b83e-44a7139b4a58', '3364769a-5071-4e6c-9cdf-e204651fb033', '621b857d-42a8-4a1f-865f-904d066ad51c');
INSERT INTO dbo.CohortFacetExpectation ([Id], [CohortId],  [FacetId], [ExpectationId]) VALUES ('a086ec7d-bb29-4c9f-8217-5b1372e6d54a', '4702fd60-3c68-4b73-998f-1b779449c89e', '3364769a-5071-4e6c-9cdf-e204651fb033', '621b857d-42a8-4a1f-865f-904d066ad51c');
INSERT INTO dbo.CohortFacetExpectation ([Id], [CohortId],  [FacetId], [ExpectationId]) VALUES ('30a22eba-36d0-495d-b136-483a2c0930c5', '966a4f33-c515-414d-b7dc-9606040697ca', '3364769a-5071-4e6c-9cdf-e204651fb033', '621b857d-42a8-4a1f-865f-904d066ad51c');
INSERT INTO dbo.CohortFacetExpectation ([Id], [CohortId],  [FacetId], [ExpectationId]) VALUES ('f48165c6-f520-4aa2-9f97-f28983cccbaf', '32ff7205-fe59-4ce6-8eb7-017d7e84f7c0', '3364769a-5071-4e6c-9cdf-e204651fb033', '621b857d-42a8-4a1f-865f-904d066ad51c');
INSERT INTO dbo.CohortFacetExpectation ([Id], [CohortId],  [FacetId], [ExpectationId]) VALUES ('c5541e28-8bdb-492b-abe4-15a6ff983358', 'e575e2ba-2dde-45c5-b1bc-081a407ae49c', '3364769a-5071-4e6c-9cdf-e204651fb033', '2e652962-2a18-4cf2-a5e7-d6029bdb79c8');
INSERT INTO dbo.CohortFacetExpectation ([Id], [CohortId],  [FacetId], [ExpectationId]) VALUES ('3537e8e5-bc37-4ccb-b877-f43613c3fa70', 'bc4a9889-f73f-4554-957d-cede1e601a05', '3364769a-5071-4e6c-9cdf-e204651fb033', '2e652962-2a18-4cf2-a5e7-d6029bdb79c8');
INSERT INTO dbo.CohortFacetExpectation ([Id], [CohortId],  [FacetId], [ExpectationId]) VALUES ('d8538751-c524-4566-9c0c-f48eebac5d4b', 'd47904dc-b77c-4143-9a0e-a006d8b881f5', '3364769a-5071-4e6c-9cdf-e204651fb033', '3abd2f2e-cbaa-4d15-83e9-3f7b262a2a9b');
INSERT INTO dbo.CohortFacetExpectation ([Id], [CohortId],  [FacetId], [ExpectationId]) VALUES ('cdb4a817-0048-4b37-a439-1bd624dd4ad3', '591211ee-689f-46e9-917c-8f9a04eb7546', 'bec5c704-e447-41b7-a2e1-0c5a32ea3fe1', '49eeb2f2-a2b0-43a7-9283-52ca46177022');
INSERT INTO dbo.CohortFacetExpectation ([Id], [CohortId],  [FacetId], [ExpectationId]) VALUES ('2212c5f9-4b54-4bdc-abd5-d827b1dc229b', '732a1a53-a6dc-49be-a18c-a1671de58f6d', 'bec5c704-e447-41b7-a2e1-0c5a32ea3fe1', '49eeb2f2-a2b0-43a7-9283-52ca46177022');
INSERT INTO dbo.CohortFacetExpectation ([Id], [CohortId],  [FacetId], [ExpectationId]) VALUES ('b8c0cd9b-d87e-4ecd-9ba1-878950d768c1', '66237380-cd06-4cae-848e-fc14638047b8', 'bec5c704-e447-41b7-a2e1-0c5a32ea3fe1', '49eeb2f2-a2b0-43a7-9283-52ca46177022');
INSERT INTO dbo.CohortFacetExpectation ([Id], [CohortId],  [FacetId], [ExpectationId]) VALUES ('77cc92f1-d53d-4052-8435-db44ca25d15b', 'acdb76f6-fefb-4c4e-b8af-5eb79f1cbf98', 'bec5c704-e447-41b7-a2e1-0c5a32ea3fe1', '49eeb2f2-a2b0-43a7-9283-52ca46177022');
INSERT INTO dbo.CohortFacetExpectation ([Id], [CohortId],  [FacetId], [ExpectationId]) VALUES ('4d74f2be-c7ce-46a5-9ce5-f7bca8fb12c9', '0d8ac0ab-ca46-4f07-8baa-2c0e1798cdcc', 'bec5c704-e447-41b7-a2e1-0c5a32ea3fe1', '49eeb2f2-a2b0-43a7-9283-52ca46177022');
INSERT INTO dbo.CohortFacetExpectation ([Id], [CohortId],  [FacetId], [ExpectationId]) VALUES ('3f7f188f-19cc-4009-a5be-a30bc1c9a106', '9d3d1201-eca6-424e-942b-82e48d2476c0', 'bec5c704-e447-41b7-a2e1-0c5a32ea3fe1', '49eeb2f2-a2b0-43a7-9283-52ca46177022');
INSERT INTO dbo.CohortFacetExpectation ([Id], [CohortId],  [FacetId], [ExpectationId]) VALUES ('5d469a1a-bd93-45fe-bb32-95b3115a78f8', '9a4f5330-2668-492c-9109-8d752f6081b1', 'bec5c704-e447-41b7-a2e1-0c5a32ea3fe1', '49eeb2f2-a2b0-43a7-9283-52ca46177022');
INSERT INTO dbo.CohortFacetExpectation ([Id], [CohortId],  [FacetId], [ExpectationId]) VALUES ('a7e10fd4-4a0d-4345-93d4-64bb7702dd8d', 'f2a8dc4e-525b-4479-b83e-44a7139b4a58', 'bec5c704-e447-41b7-a2e1-0c5a32ea3fe1', '25d5a29f-886b-4945-bc59-f9570899ea2f');
INSERT INTO dbo.CohortFacetExpectation ([Id], [CohortId],  [FacetId], [ExpectationId]) VALUES ('d7af4e00-90d9-4f1a-8fa8-e6745cccde3b', '4702fd60-3c68-4b73-998f-1b779449c89e', 'bec5c704-e447-41b7-a2e1-0c5a32ea3fe1', '25d5a29f-886b-4945-bc59-f9570899ea2f');
INSERT INTO dbo.CohortFacetExpectation ([Id], [CohortId],  [FacetId], [ExpectationId]) VALUES ('c3519606-06f4-4fbf-97c4-439b00dbde40', '966a4f33-c515-414d-b7dc-9606040697ca', 'bec5c704-e447-41b7-a2e1-0c5a32ea3fe1', 'e9c90da5-cac1-4f47-a880-559e3f3a632d');
INSERT INTO dbo.CohortFacetExpectation ([Id], [CohortId],  [FacetId], [ExpectationId]) VALUES ('b809107b-7485-4bb1-a429-a3244fab8d07', '32ff7205-fe59-4ce6-8eb7-017d7e84f7c0', 'bec5c704-e447-41b7-a2e1-0c5a32ea3fe1', 'e9c90da5-cac1-4f47-a880-559e3f3a632d');
INSERT INTO dbo.CohortFacetExpectation ([Id], [CohortId],  [FacetId], [ExpectationId]) VALUES ('9e338bc4-4c1c-48f9-8142-9f5838e9b9a9', 'e575e2ba-2dde-45c5-b1bc-081a407ae49c', 'bec5c704-e447-41b7-a2e1-0c5a32ea3fe1', 'bc40d201-ea75-4d93-9964-9a5a251a5c8d');
INSERT INTO dbo.CohortFacetExpectation ([Id], [CohortId],  [FacetId], [ExpectationId]) VALUES ('99c55471-a6ee-417d-8828-6580dde9aa45', 'bc4a9889-f73f-4554-957d-cede1e601a05', 'bec5c704-e447-41b7-a2e1-0c5a32ea3fe1', 'bc40d201-ea75-4d93-9964-9a5a251a5c8d');
INSERT INTO dbo.CohortFacetExpectation ([Id], [CohortId],  [FacetId], [ExpectationId]) VALUES ('b9f84134-c734-4c9a-bdcc-9aa611267e39', 'd47904dc-b77c-4143-9a0e-a006d8b881f5', 'bec5c704-e447-41b7-a2e1-0c5a32ea3fe1', 'bc40d201-ea75-4d93-9964-9a5a251a5c8d');
INSERT INTO dbo.CohortFacetExpectation ([Id], [CohortId],  [FacetId], [ExpectationId]) VALUES ('e13c8fc4-37f3-4246-82d5-ec058dd8c209', '591211ee-689f-46e9-917c-8f9a04eb7546', 'c6ac3b21-7bc4-43a1-9dd9-12c7654a39d6', '68b7eaad-d63b-4e92-845c-9384c990de15');
INSERT INTO dbo.CohortFacetExpectation ([Id], [CohortId],  [FacetId], [ExpectationId]) VALUES ('0aca35eb-43e8-496c-a4a1-842f03fa01fb', '732a1a53-a6dc-49be-a18c-a1671de58f6d', 'c6ac3b21-7bc4-43a1-9dd9-12c7654a39d6', '68b7eaad-d63b-4e92-845c-9384c990de15');
INSERT INTO dbo.CohortFacetExpectation ([Id], [CohortId],  [FacetId], [ExpectationId]) VALUES ('b414f9a1-c394-43ef-ad51-5d050908b8c6', '66237380-cd06-4cae-848e-fc14638047b8', 'c6ac3b21-7bc4-43a1-9dd9-12c7654a39d6', '68b7eaad-d63b-4e92-845c-9384c990de15');
INSERT INTO dbo.CohortFacetExpectation ([Id], [CohortId],  [FacetId], [ExpectationId]) VALUES ('28b15896-9e49-4688-bd6a-65985c8b8ec4', 'acdb76f6-fefb-4c4e-b8af-5eb79f1cbf98', 'c6ac3b21-7bc4-43a1-9dd9-12c7654a39d6', '68b7eaad-d63b-4e92-845c-9384c990de15');
INSERT INTO dbo.CohortFacetExpectation ([Id], [CohortId],  [FacetId], [ExpectationId]) VALUES ('7944e482-6143-43ee-af31-7dcc9e326644', '0d8ac0ab-ca46-4f07-8baa-2c0e1798cdcc', 'c6ac3b21-7bc4-43a1-9dd9-12c7654a39d6', '68b7eaad-d63b-4e92-845c-9384c990de15');
INSERT INTO dbo.CohortFacetExpectation ([Id], [CohortId],  [FacetId], [ExpectationId]) VALUES ('7b473f76-152c-4b90-9462-0645201c4618', '9d3d1201-eca6-424e-942b-82e48d2476c0', 'c6ac3b21-7bc4-43a1-9dd9-12c7654a39d6', '23f09f42-a455-41ae-aad7-cc6cddc3f084');
INSERT INTO dbo.CohortFacetExpectation ([Id], [CohortId],  [FacetId], [ExpectationId]) VALUES ('0bba5ed4-c346-4654-9d16-2a7d1e4be08e', '9a4f5330-2668-492c-9109-8d752f6081b1', 'c6ac3b21-7bc4-43a1-9dd9-12c7654a39d6', '23f09f42-a455-41ae-aad7-cc6cddc3f084');
INSERT INTO dbo.CohortFacetExpectation ([Id], [CohortId],  [FacetId], [ExpectationId]) VALUES ('99d1a339-2cf2-498d-9c47-1b83dcde7fe3', 'f2a8dc4e-525b-4479-b83e-44a7139b4a58', 'c6ac3b21-7bc4-43a1-9dd9-12c7654a39d6', 'b5516df2-c335-4339-8d44-95db9da93b4c');
INSERT INTO dbo.CohortFacetExpectation ([Id], [CohortId],  [FacetId], [ExpectationId]) VALUES ('5ed50d84-0ec4-4a1c-9406-ec4457cf2e22', '4702fd60-3c68-4b73-998f-1b779449c89e', 'c6ac3b21-7bc4-43a1-9dd9-12c7654a39d6', 'b5516df2-c335-4339-8d44-95db9da93b4c');
INSERT INTO dbo.CohortFacetExpectation ([Id], [CohortId],  [FacetId], [ExpectationId]) VALUES ('39c877b4-09f9-4b06-bf3a-2d2426787f67', '966a4f33-c515-414d-b7dc-9606040697ca', 'c6ac3b21-7bc4-43a1-9dd9-12c7654a39d6', 'b00fe28b-b99e-4e90-a0dd-f444363b6a7e');
INSERT INTO dbo.CohortFacetExpectation ([Id], [CohortId],  [FacetId], [ExpectationId]) VALUES ('20100ea0-973d-4d1a-9810-20df13820351', '32ff7205-fe59-4ce6-8eb7-017d7e84f7c0', 'c6ac3b21-7bc4-43a1-9dd9-12c7654a39d6', 'b00fe28b-b99e-4e90-a0dd-f444363b6a7e');
INSERT INTO dbo.CohortFacetExpectation ([Id], [CohortId],  [FacetId], [ExpectationId]) VALUES ('254dbcfc-313a-4f97-99db-1c23a55a9218', 'e575e2ba-2dde-45c5-b1bc-081a407ae49c', 'c6ac3b21-7bc4-43a1-9dd9-12c7654a39d6', 'b00fe28b-b99e-4e90-a0dd-f444363b6a7e');
INSERT INTO dbo.CohortFacetExpectation ([Id], [CohortId],  [FacetId], [ExpectationId]) VALUES ('05f0e559-9bbb-4267-bbc4-a50ff1cd29f7', 'bc4a9889-f73f-4554-957d-cede1e601a05', 'c6ac3b21-7bc4-43a1-9dd9-12c7654a39d6', 'e267895a-ff72-4b28-ac93-a88a3ebb091f');
INSERT INTO dbo.CohortFacetExpectation ([Id], [CohortId],  [FacetId], [ExpectationId]) VALUES ('b1c408c1-dab8-450d-9561-fcd4287a14ca', 'd47904dc-b77c-4143-9a0e-a006d8b881f5', 'c6ac3b21-7bc4-43a1-9dd9-12c7654a39d6', 'c3820d58-12d4-4b49-b62a-20fbc76c3dbc');
INSERT INTO dbo.CohortFacetExpectation ([Id], [CohortId],  [FacetId], [ExpectationId]) VALUES ('6778518c-1515-4151-b47d-ed73d2176d3c', '591211ee-689f-46e9-917c-8f9a04eb7546', '51c8dfe4-55c8-480b-8635-4709e17b28a6', 'dd071159-560b-4be8-9649-5d15abc579d7');
INSERT INTO dbo.CohortFacetExpectation ([Id], [CohortId],  [FacetId], [ExpectationId]) VALUES ('18c223f8-598c-48ec-8680-864f1cad80dc', '732a1a53-a6dc-49be-a18c-a1671de58f6d', '51c8dfe4-55c8-480b-8635-4709e17b28a6', 'dd071159-560b-4be8-9649-5d15abc579d7');
INSERT INTO dbo.CohortFacetExpectation ([Id], [CohortId],  [FacetId], [ExpectationId]) VALUES ('21383d35-de57-4c71-a176-60d38642b517', '66237380-cd06-4cae-848e-fc14638047b8', '51c8dfe4-55c8-480b-8635-4709e17b28a6', 'dd071159-560b-4be8-9649-5d15abc579d7');
INSERT INTO dbo.CohortFacetExpectation ([Id], [CohortId],  [FacetId], [ExpectationId]) VALUES ('9bfe94b0-2be1-401c-b0f7-9397d7b0228e', 'acdb76f6-fefb-4c4e-b8af-5eb79f1cbf98', '51c8dfe4-55c8-480b-8635-4709e17b28a6', 'dd071159-560b-4be8-9649-5d15abc579d7');
INSERT INTO dbo.CohortFacetExpectation ([Id], [CohortId],  [FacetId], [ExpectationId]) VALUES ('349119db-b8e5-4188-b3fb-dc33f26693de', '0d8ac0ab-ca46-4f07-8baa-2c0e1798cdcc', '51c8dfe4-55c8-480b-8635-4709e17b28a6', 'cfd8d3a0-02e3-4abb-b466-b30f3a3f2e41');
INSERT INTO dbo.CohortFacetExpectation ([Id], [CohortId],  [FacetId], [ExpectationId]) VALUES ('d406434f-5d41-410b-a2a1-b07530465adb', '9d3d1201-eca6-424e-942b-82e48d2476c0', '51c8dfe4-55c8-480b-8635-4709e17b28a6', 'cfd8d3a0-02e3-4abb-b466-b30f3a3f2e41');
INSERT INTO dbo.CohortFacetExpectation ([Id], [CohortId],  [FacetId], [ExpectationId]) VALUES ('782d12e4-e0c9-4caf-9d33-6735a1d91021', '9a4f5330-2668-492c-9109-8d752f6081b1', '51c8dfe4-55c8-480b-8635-4709e17b28a6', 'cfd8d3a0-02e3-4abb-b466-b30f3a3f2e41');
INSERT INTO dbo.CohortFacetExpectation ([Id], [CohortId],  [FacetId], [ExpectationId]) VALUES ('97fb6878-314f-4dcc-9ff7-e48fa067e296', 'f2a8dc4e-525b-4479-b83e-44a7139b4a58', '51c8dfe4-55c8-480b-8635-4709e17b28a6', 'bff65225-8052-4e44-a42d-cf2b8eaff1c4');
INSERT INTO dbo.CohortFacetExpectation ([Id], [CohortId],  [FacetId], [ExpectationId]) VALUES ('aedaed94-0ee0-484f-8db5-062211fe098c', '4702fd60-3c68-4b73-998f-1b779449c89e', '51c8dfe4-55c8-480b-8635-4709e17b28a6', 'bff65225-8052-4e44-a42d-cf2b8eaff1c4');
INSERT INTO dbo.CohortFacetExpectation ([Id], [CohortId],  [FacetId], [ExpectationId]) VALUES ('dd1fcf30-7ed2-44f2-b166-0e360394b6bb', '966a4f33-c515-414d-b7dc-9606040697ca', '51c8dfe4-55c8-480b-8635-4709e17b28a6', 'f6867032-40a9-41f3-90cf-9a4a27082d5f');
INSERT INTO dbo.CohortFacetExpectation ([Id], [CohortId],  [FacetId], [ExpectationId]) VALUES ('a6908fd5-31c3-48f0-822f-a8c0c31a4476', '32ff7205-fe59-4ce6-8eb7-017d7e84f7c0', '51c8dfe4-55c8-480b-8635-4709e17b28a6', 'f6867032-40a9-41f3-90cf-9a4a27082d5f');
INSERT INTO dbo.CohortFacetExpectation ([Id], [CohortId],  [FacetId], [ExpectationId]) VALUES ('05c0623e-4656-47a4-b392-4acac924a270', 'e575e2ba-2dde-45c5-b1bc-081a407ae49c', '51c8dfe4-55c8-480b-8635-4709e17b28a6', 'f6867032-40a9-41f3-90cf-9a4a27082d5f');
INSERT INTO dbo.CohortFacetExpectation ([Id], [CohortId],  [FacetId], [ExpectationId]) VALUES ('1153f27e-4959-4712-935d-0d9fe75ff419', 'bc4a9889-f73f-4554-957d-cede1e601a05', '51c8dfe4-55c8-480b-8635-4709e17b28a6', 'f6867032-40a9-41f3-90cf-9a4a27082d5f');
INSERT INTO dbo.CohortFacetExpectation ([Id], [CohortId],  [FacetId], [ExpectationId]) VALUES ('6687043a-145c-4b72-b38a-7efd5dc40e10', 'd47904dc-b77c-4143-9a0e-a006d8b881f5', '51c8dfe4-55c8-480b-8635-4709e17b28a6', 'f6867032-40a9-41f3-90cf-9a4a27082d5f');
INSERT INTO dbo.CohortFacetExpectation ([Id], [CohortId],  [FacetId], [ExpectationId]) VALUES ('8214bb37-8c5e-4aeb-a967-59b7c3a97bf6', '591211ee-689f-46e9-917c-8f9a04eb7546', 'adbd1ad7-f5ca-413f-b3eb-7709806fae44', 'dc3159a7-d8e1-4308-bf58-a660e6ad5dd9');
INSERT INTO dbo.CohortFacetExpectation ([Id], [CohortId],  [FacetId], [ExpectationId]) VALUES ('d1b8999d-74d7-493e-abfd-033410e4252f', '732a1a53-a6dc-49be-a18c-a1671de58f6d', 'adbd1ad7-f5ca-413f-b3eb-7709806fae44', 'dc3159a7-d8e1-4308-bf58-a660e6ad5dd9');
INSERT INTO dbo.CohortFacetExpectation ([Id], [CohortId],  [FacetId], [ExpectationId]) VALUES ('b74b8c6b-5dd8-40a3-8f2a-a36efe84596c', '66237380-cd06-4cae-848e-fc14638047b8', 'adbd1ad7-f5ca-413f-b3eb-7709806fae44', 'dc3159a7-d8e1-4308-bf58-a660e6ad5dd9');
INSERT INTO dbo.CohortFacetExpectation ([Id], [CohortId],  [FacetId], [ExpectationId]) VALUES ('a21f996f-a84c-48b9-b4da-8414b35aa6be', 'acdb76f6-fefb-4c4e-b8af-5eb79f1cbf98', 'adbd1ad7-f5ca-413f-b3eb-7709806fae44', 'dc3159a7-d8e1-4308-bf58-a660e6ad5dd9');
INSERT INTO dbo.CohortFacetExpectation ([Id], [CohortId],  [FacetId], [ExpectationId]) VALUES ('0eb0ed00-7d8e-4cae-bd75-081bcc404a11', '0d8ac0ab-ca46-4f07-8baa-2c0e1798cdcc', 'adbd1ad7-f5ca-413f-b3eb-7709806fae44', 'dc3159a7-d8e1-4308-bf58-a660e6ad5dd9');
INSERT INTO dbo.CohortFacetExpectation ([Id], [CohortId],  [FacetId], [ExpectationId]) VALUES ('2fbdb453-9611-4e1a-9d9f-ae850986bc3e', '9d3d1201-eca6-424e-942b-82e48d2476c0', 'adbd1ad7-f5ca-413f-b3eb-7709806fae44', '418b6b5c-aa8f-40c5-a7fc-8b8bd02b4299');
INSERT INTO dbo.CohortFacetExpectation ([Id], [CohortId],  [FacetId], [ExpectationId]) VALUES ('1d26843b-d7bc-4ffc-9c45-a992d39c4f38', '9a4f5330-2668-492c-9109-8d752f6081b1', 'adbd1ad7-f5ca-413f-b3eb-7709806fae44', '418b6b5c-aa8f-40c5-a7fc-8b8bd02b4299');
INSERT INTO dbo.CohortFacetExpectation ([Id], [CohortId],  [FacetId], [ExpectationId]) VALUES ('24f529e4-b06c-4c59-bfb7-c44016a213e0', 'f2a8dc4e-525b-4479-b83e-44a7139b4a58', 'adbd1ad7-f5ca-413f-b3eb-7709806fae44', '67047556-557c-4667-956d-bb307c49f2db');
INSERT INTO dbo.CohortFacetExpectation ([Id], [CohortId],  [FacetId], [ExpectationId]) VALUES ('b61e1826-e64f-4931-be83-0236e7427d9c', '4702fd60-3c68-4b73-998f-1b779449c89e', 'adbd1ad7-f5ca-413f-b3eb-7709806fae44', '71fa1969-144d-408a-a586-b4f8bfe3f6b6');
INSERT INTO dbo.CohortFacetExpectation ([Id], [CohortId],  [FacetId], [ExpectationId]) VALUES ('1a89dd82-4f66-44e3-8641-fb88902009fb', '966a4f33-c515-414d-b7dc-9606040697ca', 'adbd1ad7-f5ca-413f-b3eb-7709806fae44', '71fa1969-144d-408a-a586-b4f8bfe3f6b6');
INSERT INTO dbo.CohortFacetExpectation ([Id], [CohortId],  [FacetId], [ExpectationId]) VALUES ('72a9abd5-1742-492e-9a8e-5fc627175889', '32ff7205-fe59-4ce6-8eb7-017d7e84f7c0', 'adbd1ad7-f5ca-413f-b3eb-7709806fae44', '71fa1969-144d-408a-a586-b4f8bfe3f6b6');
INSERT INTO dbo.CohortFacetExpectation ([Id], [CohortId],  [FacetId], [ExpectationId]) VALUES ('81113698-5e15-437a-b779-9c6729770f6a', 'e575e2ba-2dde-45c5-b1bc-081a407ae49c', 'adbd1ad7-f5ca-413f-b3eb-7709806fae44', '71fa1969-144d-408a-a586-b4f8bfe3f6b6');
INSERT INTO dbo.CohortFacetExpectation ([Id], [CohortId],  [FacetId], [ExpectationId]) VALUES ('6f3e7b65-020f-442d-913d-ce10c1cba8a4', 'bc4a9889-f73f-4554-957d-cede1e601a05', 'adbd1ad7-f5ca-413f-b3eb-7709806fae44', '7dfbfc51-7fe7-4145-9208-2e8d2b42e8aa');
INSERT INTO dbo.CohortFacetExpectation ([Id], [CohortId],  [FacetId], [ExpectationId]) VALUES ('4353e318-3488-447d-beae-e7bac4d47579', 'd47904dc-b77c-4143-9a0e-a006d8b881f5', 'adbd1ad7-f5ca-413f-b3eb-7709806fae44', '99481bd0-3bfa-42bd-bbe8-1dc9bcf1bdfc');
INSERT INTO dbo.CohortFacetExpectation ([Id], [CohortId],  [FacetId], [ExpectationId]) VALUES ('e4410a1c-9211-4348-84d5-dfef4bb2a600', '591211ee-689f-46e9-917c-8f9a04eb7546', '1e90b512-5f41-4058-992b-62f8f34146a6', 'f8287635-5b81-4d37-b942-6bd11f09ee53');
INSERT INTO dbo.CohortFacetExpectation ([Id], [CohortId],  [FacetId], [ExpectationId]) VALUES ('9b6b05a9-8936-4821-b2ef-f56e21540b4d', '732a1a53-a6dc-49be-a18c-a1671de58f6d', '1e90b512-5f41-4058-992b-62f8f34146a6', 'f8287635-5b81-4d37-b942-6bd11f09ee53');
INSERT INTO dbo.CohortFacetExpectation ([Id], [CohortId],  [FacetId], [ExpectationId]) VALUES ('882f15b9-33c5-4459-8442-53325e3a910f', '66237380-cd06-4cae-848e-fc14638047b8', '1e90b512-5f41-4058-992b-62f8f34146a6', 'f8287635-5b81-4d37-b942-6bd11f09ee53');
INSERT INTO dbo.CohortFacetExpectation ([Id], [CohortId],  [FacetId], [ExpectationId]) VALUES ('5b58e337-af90-4a9a-bb93-210cafdf4b6b', 'acdb76f6-fefb-4c4e-b8af-5eb79f1cbf98', '1e90b512-5f41-4058-992b-62f8f34146a6', 'f8287635-5b81-4d37-b942-6bd11f09ee53');
INSERT INTO dbo.CohortFacetExpectation ([Id], [CohortId],  [FacetId], [ExpectationId]) VALUES ('92939326-03b1-4499-b465-456130ef65d8', '0d8ac0ab-ca46-4f07-8baa-2c0e1798cdcc', '1e90b512-5f41-4058-992b-62f8f34146a6', 'f8287635-5b81-4d37-b942-6bd11f09ee53');
INSERT INTO dbo.CohortFacetExpectation ([Id], [CohortId],  [FacetId], [ExpectationId]) VALUES ('a90ebd81-fb1d-4499-8fff-027b1a4ac900', '9d3d1201-eca6-424e-942b-82e48d2476c0', '1e90b512-5f41-4058-992b-62f8f34146a6', 'f8287635-5b81-4d37-b942-6bd11f09ee53');
INSERT INTO dbo.CohortFacetExpectation ([Id], [CohortId],  [FacetId], [ExpectationId]) VALUES ('b4544f51-7657-4236-85f7-4f6b3b75fb54', '9a4f5330-2668-492c-9109-8d752f6081b1', '1e90b512-5f41-4058-992b-62f8f34146a6', 'f8287635-5b81-4d37-b942-6bd11f09ee53');
INSERT INTO dbo.CohortFacetExpectation ([Id], [CohortId],  [FacetId], [ExpectationId]) VALUES ('c2a7afcc-31ac-4db0-bba6-2337a34bc718', 'f2a8dc4e-525b-4479-b83e-44a7139b4a58', '1e90b512-5f41-4058-992b-62f8f34146a6', '04e448e5-463d-4ca8-a661-ae70c8dead06');
INSERT INTO dbo.CohortFacetExpectation ([Id], [CohortId],  [FacetId], [ExpectationId]) VALUES ('ca3835e2-d177-45af-81eb-7149c95ab3e9', '4702fd60-3c68-4b73-998f-1b779449c89e', '1e90b512-5f41-4058-992b-62f8f34146a6', '04e448e5-463d-4ca8-a661-ae70c8dead06');
INSERT INTO dbo.CohortFacetExpectation ([Id], [CohortId],  [FacetId], [ExpectationId]) VALUES ('baba356b-0493-460f-a6f3-32ebecf4ff92', '966a4f33-c515-414d-b7dc-9606040697ca', '1e90b512-5f41-4058-992b-62f8f34146a6', '04e448e5-463d-4ca8-a661-ae70c8dead06');
INSERT INTO dbo.CohortFacetExpectation ([Id], [CohortId],  [FacetId], [ExpectationId]) VALUES ('7837e2e6-6b46-411f-b43f-705757b24cc3', '32ff7205-fe59-4ce6-8eb7-017d7e84f7c0', '1e90b512-5f41-4058-992b-62f8f34146a6', '04e448e5-463d-4ca8-a661-ae70c8dead06');
INSERT INTO dbo.CohortFacetExpectation ([Id], [CohortId],  [FacetId], [ExpectationId]) VALUES ('6b399e1b-e45d-419f-8c5b-c06ed96faf6d', 'e575e2ba-2dde-45c5-b1bc-081a407ae49c', '1e90b512-5f41-4058-992b-62f8f34146a6', '353ef715-fe4b-447c-93ad-93d34f578d02');
INSERT INTO dbo.CohortFacetExpectation ([Id], [CohortId],  [FacetId], [ExpectationId]) VALUES ('a1dcdccf-8797-4aa7-876b-13048f9b9308', 'bc4a9889-f73f-4554-957d-cede1e601a05', '1e90b512-5f41-4058-992b-62f8f34146a6', '353ef715-fe4b-447c-93ad-93d34f578d02');
INSERT INTO dbo.CohortFacetExpectation ([Id], [CohortId],  [FacetId], [ExpectationId]) VALUES ('9f95e371-d2c6-44fc-913c-7e52c95d405d', 'd47904dc-b77c-4143-9a0e-a006d8b881f5', '1e90b512-5f41-4058-992b-62f8f34146a6', '353ef715-fe4b-447c-93ad-93d34f578d02');
